[ 0.   0.   0.   0.   0.   0.   0.   0.   0.   0.   0.   0.   0.  -0.5
  1.   0.  -2.   0.   0.   0.   0.   0.   0.   0.   0.   0.   0.   0.
  0.   0.   0.   0.  -0.5 -1.   0.  -2.   0.   0.   0.   0.   0.   0.
  0.   0.   0.   0.   0.   0.   0.   0.   0. ]
[ 0.   0.   0.   0.   0.   0.   0.   0.   0.   0.   0.   0.   0.  -0.5
  1.   0.  -2.   0.   0.   0.   0.   0.   0.   0.   0.   0.   0.   0.
  0.   0.   0.   0.  -0.5 -1.   0.  -2.   0.   0.   0.   0.   0.   0.
  0.   0.   0.   0.   0.   0.   0.   0.   0. ]
[ 0.   0.   0.   0.   0.   0.   0.   0.   0.   0.   0.   0.   0.  -0.5
  1.   0.  -2.   0.   0.   0.   0.   0.   0.   0.   0.   0.   0.   0.
  0.   0.   0.   0.  -0.5 -1.   0.  -2.   0.   0.   0.   0.   0.   0.
  0.   0.   0.   0.   0.   0.   0.   0.   0. ]
[ 0.   0.   0.   0.   0.   0.   0.   0.   0.   0.   0.   0.   0.  -0.5
  1.   0.  -2.   0.   0.   0.   0.   0.   0.   0.   0.   0.   0.   0.
  0.   0.   0.   0.  -0.5 -1.   0.  -2.   0.   0.   0.   0.   0.   0.
  0.   0.   0.   0.   0.   0.   0.   0.   0. ]
[ 0.   0.   0.   0.   0.   0.   0.   0.   0.   0.   0.   0.   0.  -0.5
  1.   0.  -2.   0.   0.   0.   0.   0.   0.   0.   0.   0.   0.   0.
  0.   0.   0.   0.  -0.5 -1.   0.  -2.   0.   0.   0.   0.   0.   0.
  0.   0.   0.   0.   0.   0.   0.   0.   0. ]
[ 0.   0.   0.   0.   0.   0.   0.   0.   0.   0.   0.   0.   0.  -0.5
  1.   0.  -2.   0.   0.   0.   0.   0.   0.   0.   0.   0.   0.   0.
  0.   0.   0.   0.  -0.5 -1.   0.  -2.   0.   0.   0.   0.   0.   0.
  0.   0.   0.   0.   0.   0.   0.   0.   0. ]
[ 0.   0.   0.   0.   0.   0.   0.   0.   0.   0.   0.   0.   0.  -0.5
  1.   0.  -2.   0.   0.   0.   0.   0.   0.   0.   0.   0.   0.   0.
  0.   0.   0.   0.  -0.5 -1.   0.  -2.   0.   0.   0.   0.   0.   0.
  0.   0.   0.   0.   0.   0.   0.   0.   0. ]
[ 0.   0.   0.   0.   0.   0.   0.   0.   0.   0.   0.   0.   0.  -0.5
  1.   0.  -2.   0.   0.   0.   0.   0.   0.   0.   0.   0.   0.   0.
  0.   0.   0.   0.  -0.5 -1.   0.  -2.   0.   0.   0.   0.   0.   0.
  0.   0.   0.   0.   0.   0.   0.   0.   0. ]
[ 0.   0.   0.   0.   0.   0.   0.   0.   0.   0.   0.   0.   0.  -0.5
  1.   0.  -2.   0.   0.   0.   0.   0.   0.   0.   0.   0.   0.   0.
  0.   0.   0.   0.  -0.5 -1.   0.  -2.   0.   0.   0.   0.   0.   0.
  0.   0.   0.   0.   0.   0.   0.   0.   0. ]
[ 0.   0.   0.   0.   0.   0.   0.   0.   0.   0.   0.   0.   0.  -0.5
  1.   0.  -2.   0.   0.   0.   0.   0.   0.   0.   0.   0.   0.   0.
  0.   0.   0.   0.  -0.5 -1.   0.  -2.   0.   0.   0.   0.   0.   0.
  0.   0.   0.   0.   0.   0.   0.   0.   0. ]
[ 0.   0.   0.   0.   0.   0.   0.   0.   0.   0.   0.   0.   0.  -0.5
  1.   0.  -2.   0.   0.   0.   0.   0.   0.   0.   0.   0.   0.   0.
  0.   0.   0.   0.  -0.5 -1.   0.  -2.   0.   0.   0.   0.   0.   0.
  0.   0.   0.   0.   0.   0.   0.   0.   0. ]
[ 0.   0.   0.   0.   0.   0.   0.   0.   0.   0.   0.   0.   0.  -0.5
  1.   0.  -2.   0.   0.   0.   0.   0.   0.   0.   0.   0.   0.   0.
  0.   0.   0.   0.  -0.5 -1.   0.  -2.   0.   0.   0.   0.   0.   0.
  0.   0.   0.   0.   0.   0.   0.   0.   0. ]
[ 0.   0.   0.   0.   0.   0.   0.   0.   0.   0.   0.   0.   0.  -0.5
  1.   0.  -2.   0.   0.   0.   0.   0.   0.   0.   0.   0.   0.   0.
  0.   0.   0.   0.  -0.5 -1.   0.  -2.   0.   0.   0.   0.   0.   0.
  0.   0.   0.   0.   0.   0.   0.   0.   0. ]
[ 0.   0.   0.   0.   0.   0.   0.   0.   0.   0.   0.   0.   0.  -0.5
  1.   0.  -2.   0.   0.   0.   0.   0.   0.   0.   0.   0.   0.   0.
  0.   0.   0.   0.  -0.5 -1.   0.  -2.   0.   0.   0.   0.   0.   0.
  0.   0.   0.   0.   0.   0.   0.   0.   0. ]
[ 0.   0.   0.   0.   0.   0.   0.   0.   0.   0.   0.   0.   0.  -0.5
  1.   0.  -2.   0.   0.   0.   0.   0.   0.   0.   0.   0.   0.   0.
  0.   0.   0.   0.  -0.5 -1.   0.  -2.   0.   0.   0.   0.   0.   0.
  0.   0.   0.   0.   0.   0.   0.   0.   0. ]
[ 0.   0.   0.   0.   0.   0.   0.   0.   0.   0.   0.   0.   0.  -0.5
  1.   0.  -2.   0.   0.   0.   0.   0.   0.   0.   0.   0.   0.   0.
  0.   0.   0.   0.  -0.5 -1.   0.  -2.   0.   0.   0.   0.   0.   0.
  0.   0.   0.   0.   0.   0.   0.   0.   0. ]
[ 0.   0.   0.   0.   0.   0.   0.   0.   0.   0.   0.   0.   0.  -0.5
  1.   0.  -2.   0.   0.   0.   0.   0.   0.   0.   0.   0.   0.   0.
  0.   0.   0.   0.  -0.5 -1.   0.  -2.   0.   0.   0.   0.   0.   0.
  0.   0.   0.   0.   0.   0.   0.   0.   0. ]
[ 0.   0.   0.   0.   0.   0.   0.   0.   0.   0.   0.   0.   0.  -0.5
  1.   0.  -2.   0.   0.   0.   0.   0.   0.   0.   0.   0.   0.   0.
  0.   0.   0.   0.  -0.5 -1.   0.  -2.   0.   0.   0.   0.   0.   0.
  0.   0.   0.   0.   0.   0.   0.   0.   0. ]
[ 0.   0.   0.   0.   0.   0.   0.   0.   0.   0.   0.   0.   0.  -0.5
  1.   0.  -2.   0.   0.   0.   0.   0.   0.   0.   0.   0.   0.   0.
  0.   0.   0.   0.  -0.5 -1.   0.  -2.   0.   0.   0.   0.   0.   0.
  0.   0.   0.   0.   0.   0.   0.   0.   0. ]
[ 0.   0.   0.   0.   0.   0.   0.   0.   0.   0.   0.   0.   0.  -0.5
  1.   0.  -2.   0.   0.   0.   0.   0.   0.   0.   0.   0.   0.   0.
  0.   0.   0.   0.  -0.5 -1.   0.  -2.   0.   0.   0.   0.   0.   0.
  0.   0.   0.   0.   0.   0.   0.   0.   0. ]
[ 0.   0.   0.   0.   0.   0.   0.   0.   0.   0.   0.   0.   0.  -0.5
  1.   0.  -2.   0.   0.   0.   0.   0.   0.   0.   0.   0.   0.   0.
  0.   0.   0.   0.  -0.5 -1.   0.  -2.   0.   0.   0.   0.   0.   0.
  0.   0.   0.   0.   0.   0.   0.   0.   0. ]
[ 0.   0.   0.   0.   0.   0.   0.   0.   0.   0.   0.   0.   0.  -0.5
  1.   0.  -2.   0.   0.   0.   0.   0.   0.   0.   0.   0.   0.   0.
  0.   0.   0.   0.  -0.5 -1.   0.  -2.   0.   0.   0.   0.   0.   0.
  0.   0.   0.   0.   0.   0.   0.   0.   0. ]
[ 0.   0.   0.   0.   0.   0.   0.   0.   0.   0.   0.   0.   0.  -0.5
  1.   0.  -2.   0.   0.   0.   0.   0.   0.   0.   0.   0.   0.   0.
  0.   0.   0.   0.  -0.5 -1.   0.  -2.   0.   0.   0.   0.   0.   0.
  0.   0.   0.   0.   0.   0.   0.   0.   0. ]
[ 0.   0.   0.   0.   0.   0.   0.   0.   0.   0.   0.   0.   0.  -0.5
  1.   0.  -2.   0.   0.   0.   0.   0.   0.   0.   0.   0.   0.   0.
  0.   0.   0.   0.  -0.5 -1.   0.  -2.   0.   0.   0.   0.   0.   0.
  0.   0.   0.   0.   0.   0.   0.   0.   0. ]
[ 0.   0.   0.   0.   0.   0.   0.   0.   0.   0.   0.   0.   0.  -0.5
  1.   0.  -2.   0.   0.   0.   0.   0.   0.   0.   0.   0.   0.   0.
  0.   0.   0.   0.  -0.5 -1.   0.  -2.   0.   0.   0.   0.   0.   0.
  0.   0.   0.   0.   0.   0.   0.   0.   0. ]
[ 0.   0.   0.   0.   0.   0.   0.   0.   0.   0.   0.   0.   0.  -0.5
  1.   0.  -2.   0.   0.   0.   0.   0.   0.   0.   0.   0.   0.   0.
  0.   0.   0.   0.  -0.5 -1.   0.  -2.   0.   0.   0.   0.   0.   0.
  0.   0.   0.   0.   0.   0.   0.   0.   0. ]
[ 0.   0.   0.   0.   0.   0.   0.   0.   0.   0.   0.   0.   0.  -0.5
  1.   0.  -2.   0.   0.   0.   0.   0.   0.   0.   0.   0.   0.   0.
  0.   0.   0.   0.  -0.5 -1.   0.  -2.   0.   0.   0.   0.   0.   0.
  0.   0.   0.   0.   0.   0.   0.   0.   0. ]
[ 0.   0.   0.   0.   0.   0.   0.   0.   0.   0.   0.   0.   0.  -0.5
  1.   0.  -2.   0.   0.   0.   0.   0.   0.   0.   0.   0.   0.   0.
  0.   0.   0.   0.  -0.5 -1.   0.  -2.   0.   0.   0.   0.   0.   0.
  0.   0.   0.   0.   0.   0.   0.   0.   0. ]
[ 0.   0.   0.   0.   0.   0.   0.   0.   0.   0.   0.   0.   0.  -0.5
  1.   0.  -2.   0.   0.   0.   0.   0.   0.   0.   0.   0.   0.   0.
  0.   0.   0.   0.  -0.5 -1.   0.  -2.   0.   0.   0.   0.   0.   0.
  0.   0.   0.   0.   0.   0.   0.   0.   0. ]
[ 0.   0.   0.   0.   0.   0.   0.   0.   0.   0.   0.   0.   0.  -0.5
  1.   0.  -2.   0.   0.   0.   0.   0.   0.   0.   0.   0.   0.   0.
  0.   0.   0.   0.  -0.5 -1.   0.  -2.   0.   0.   0.   0.   0.   0.
  0.   0.   0.   0.   0.   0.   0.   0.   0. ]
[ 0.   0.   0.   0.   0.   0.   0.   0.   0.   0.   0.   0.   0.  -0.5
  1.   0.  -2.   0.   0.   0.   0.   0.   0.   0.   0.   0.   0.   0.
  0.   0.   0.   0.  -0.5 -1.   0.  -2.   0.   0.   0.   0.   0.   0.
  0.   0.   0.   0.   0.   0.   0.   0.   0. ]
[ 0.   0.   0.   0.   0.   0.   0.   0.   0.   0.   0.   0.   0.  -0.5
  1.   0.  -2.   0.   0.   0.   0.   0.   0.   0.   0.   0.   0.   0.
  0.   0.   0.   0.  -0.5 -1.   0.  -2.   0.   0.   0.   0.   0.   0.
  0.   0.   0.   0.   0.   0.   0.   0.   0. ]
[ 0.   0.   0.   0.   0.   0.   0.   0.   0.   0.   0.   0.   0.  -0.5
  1.   0.  -2.   0.   0.   0.   0.   0.   0.   0.   0.   0.   0.   0.
  0.   0.   0.   0.  -0.5 -1.   0.  -2.   0.   0.   0.   0.   0.   0.
  0.   0.   0.   0.   0.   0.   0.   0.   0. ]
[ 0.   0.   0.   0.   0.   0.   0.   0.   0.   0.   0.   0.   0.  -0.5
  1.   0.  -2.   0.   0.   0.   0.   0.   0.   0.   0.   0.   0.   0.
  0.   0.   0.   0.  -0.5 -1.   0.  -2.   0.   0.   0.   0.   0.   0.
  0.   0.   0.   0.   0.   0.   0.   0.   0. ]
[ 0.   0.   0.   0.   0.   0.   0.   0.   0.   0.   0.   0.   0.  -0.5
  1.   0.  -2.   0.   0.   0.   0.   0.   0.   0.   0.   0.   0.   0.
  0.   0.   0.   0.  -0.5 -1.   0.  -2.   0.   0.   0.   0.   0.   0.
  0.   0.   0.   0.   0.   0.   0.   0.   0. ]
[ 0.   0.   0.   0.   0.   0.   0.   0.   0.   0.   0.   0.   0.  -0.5
  1.   0.  -2.   0.   0.   0.   0.   0.   0.   0.   0.   0.   0.   0.
  0.   0.   0.   0.  -0.5 -1.   0.  -2.   0.   0.   0.   0.   0.   0.
  0.   0.   0.   0.   0.   0.   0.   0.   0. ]
[ 0.   0.   0.   0.   0.   0.   0.   0.   0.   0.   0.   0.   0.  -0.5
  1.   0.  -2.   0.   0.   0.   0.   0.   0.   0.   0.   0.   0.   0.
  0.   0.   0.   0.  -0.5 -1.   0.  -2.   0.   0.   0.   0.   0.   0.
  0.   0.   0.   0.   0.   0.   0.   0.   0. ]
[ 0.   0.   0.   0.   0.   0.   0.   0.   0.   0.   0.   0.   0.  -0.5
  1.   0.  -2.   0.   0.   0.   0.   0.   0.   0.   0.   0.   0.   0.
  0.   0.   0.   0.  -0.5 -1.   0.  -2.   0.   0.   0.   0.   0.   0.
  0.   0.   0.   0.   0.   0.   0.   0.   0. ]
[ 0.   0.   0.   0.   0.   0.   0.   0.   0.   0.   0.   0.   0.  -0.5
  1.   0.  -2.   0.   0.   0.   0.   0.   0.   0.   0.   0.   0.   0.
  0.   0.   0.   0.  -0.5 -1.   0.  -2.   0.   0.   0.   0.   0.   0.
  0.   0.   0.   0.   0.   0.   0.   0.   0. ]
[ 0.   0.   0.   0.   0.   0.   0.   0.   0.   0.   0.   0.   0.  -0.5
  1.   0.  -2.   0.   0.   0.   0.   0.   0.   0.   0.   0.   0.   0.
  0.   0.   0.   0.  -0.5 -1.   0.  -2.   0.   0.   0.   0.   0.   0.
  0.   0.   0.   0.   0.   0.   0.   0.   0. ]
[ 0.   0.   0.   0.   0.   0.   0.   0.   0.   0.   0.   0.   0.  -0.5
  1.   0.  -2.   0.   0.   0.   0.   0.   0.   0.   0.   0.   0.   0.
  0.   0.   0.   0.  -0.5 -1.   0.  -2.   0.   0.   0.   0.   0.   0.
  0.   0.   0.   0.   0.   0.   0.   0.   0. ]
[ 0.   0.   0.   0.   0.   0.   0.   0.   0.   0.   0.   0.   0.  -0.5
  1.   0.  -2.   0.   0.   0.   0.   0.   0.   0.   0.   0.   0.   0.
  0.   0.   0.   0.  -0.5 -1.   0.  -2.   0.   0.   0.   0.   0.   0.
  0.   0.   0.   0.   0.   0.   0.   0.   0. ]
[ 0.   0.   0.   0.   0.   0.   0.   0.   0.   0.   0.   0.   0.  -0.5
  1.   0.  -2.   0.   0.   0.   0.   0.   0.   0.   0.   0.   0.   0.
  0.   0.   0.   0.  -0.5 -1.   0.  -2.   0.   0.   0.   0.   0.   0.
  0.   0.   0.   0.   0.   0.   0.   0.   0. ]
[ 0.   0.   0.   0.   0.   0.   0.   0.   0.   0.   0.   0.   0.  -0.5
  1.   0.  -2.   0.   0.   0.   0.   0.   0.   0.   0.   0.   0.   0.
  0.   0.   0.   0.  -0.5 -1.   0.  -2.   0.   0.   0.   0.   0.   0.
  0.   0.   0.   0.   0.   0.   0.   0.   0. ]
[ 0.   0.   0.   0.   0.   0.   0.   0.   0.   0.   0.   0.   0.  -0.5
  1.   0.  -2.   0.   0.   0.   0.   0.   0.   0.   0.   0.   0.   0.
  0.   0.   0.   0.  -0.5 -1.   0.  -2.   0.   0.   0.   0.   0.   0.
  0.   0.   0.   0.   0.   0.   0.   0.   0. ]
[ 0.   0.   0.   0.   0.   0.   0.   0.   0.   0.   0.   0.   0.  -0.5
  1.   0.  -2.   0.   0.   0.   0.   0.   0.   0.   0.   0.   0.   0.
  0.   0.   0.   0.  -0.5 -1.   0.  -2.   0.   0.   0.   0.   0.   0.
  0.   0.   0.   0.   0.   0.   0.   0.   0. ]
[ 0.   0.   0.   0.   0.   0.   0.   0.   0.   0.   0.   0.   0.  -0.5
  1.   0.  -2.   0.   0.   0.   0.   0.   0.   0.   0.   0.   0.   0.
  0.   0.   0.   0.  -0.5 -1.   0.  -2.   0.   0.   0.   0.   0.   0.
  0.   0.   0.   0.   0.   0.   0.   0.   0. ]
[ 0.   0.   0.   0.   0.   0.   0.   0.   0.   0.   0.   0.   0.  -0.5
  1.   0.  -2.   0.   0.   0.   0.   0.   0.   0.   0.   0.   0.   0.
  0.   0.   0.   0.  -0.5 -1.   0.  -2.   0.   0.   0.   0.   0.   0.
  0.   0.   0.   0.   0.   0.   0.   0.   0. ]
[ 0.   0.   0.   0.   0.   0.   0.   0.   0.   0.   0.   0.   0.  -0.5
  1.   0.  -2.   0.   0.   0.   0.   0.   0.   0.   0.   0.   0.   0.
  0.   0.   0.   0.  -0.5 -1.   0.  -2.   0.   0.   0.   0.   0.   0.
  0.   0.   0.   0.   0.   0.   0.   0.   0. ]
[ 0.   0.   0.   0.   0.   0.   0.   0.   0.   0.   0.   0.   0.  -0.5
  1.   0.  -2.   0.   0.   0.   0.   0.   0.   0.   0.   0.   0.   0.
  0.   0.   0.   0.  -0.5 -1.   0.  -2.   0.   0.   0.   0.   0.   0.
  0.   0.   0.   0.   0.   0.   0.   0.   0. ]
[ 0.0000000e+00  0.0000000e+00  0.0000000e+00  0.0000000e+00
  0.0000000e+00  0.0000000e+00  0.0000000e+00  0.0000000e+00
  0.0000000e+00  0.0000000e+00  0.0000000e+00  0.0000000e+00
  0.0000000e+00  7.5009614e-02  7.5214490e-02  1.6638312e-01
 -5.8697905e-02 -2.6187992e-01 -4.2314410e-02  2.5299999e-01
  1.1385615e-17  2.3840222e-19  5.6839290e-18  3.9297808e-18
  0.0000000e+00  0.0000000e+00  0.0000000e+00  0.0000000e+00
  1.5687324e-02  2.5000000e-01  4.0000001e-01  6.0000002e-01
  7.5072706e-02  4.2500000e-02  1.6671686e-01 -1.6675659e-01
 -2.6162100e-01 -3.3132497e-02 -1.8116258e-01  5.0628811e-01
  5.0628811e-01  6.3657588e-01  6.3657588e-01  7.4062532e-01
  7.4062532e-01  6.9736695e-01  6.9736695e-01  6.4999998e-01
  4.0577102e-02  6.4923368e-02  9.7385049e-02]
[ 0.0000000e+00  0.0000000e+00  0.0000000e+00  0.0000000e+00
  0.0000000e+00  0.0000000e+00  0.0000000e+00  0.0000000e+00
  0.0000000e+00  0.0000000e+00  0.0000000e+00  0.0000000e+00
  0.0000000e+00  1.5001547e-01  1.1759161e-01  3.3301076e-01
 -2.3379685e-02 -4.7902966e-01 -1.4948581e-01  4.4275001e-01
  9.2311553e-18  1.1920111e-19  8.8692373e-18  4.3026941e-18
  8.9306700e-19  0.0000000e+00  3.4825966e-18  1.7330595e-18
  2.6727593e-02  3.7500000e-01  6.0000002e-01  8.9999998e-01
  1.5003487e-01  7.4347131e-02  3.3347356e-01 -1.8028422e-01
 -5.2339429e-01 -1.0553925e-01 -3.5543120e-01  7.7984768e-01
  7.7984768e-01  1.0158931e+00  1.0158931e+00  1.0013827e+00
  1.0013827e+00  1.0096192e+00  1.0096192e+00  9.3192416e-01
  3.7518773e-02  6.0030036e-02  9.0045057e-02]
[ 0.0000000e+00  0.0000000e+00  0.0000000e+00  0.0000000e+00
  0.0000000e+00  0.0000000e+00  0.0000000e+00  0.0000000e+00
  0.0000000e+00  0.0000000e+00  0.0000000e+00  0.0000000e+00
  0.0000000e+00  2.2471341e-01  7.8192435e-02  4.9929205e-01
  2.8615581e-02 -6.1277068e-01 -2.2373082e-01  5.5608839e-01
  4.6155777e-18  1.8774310e-18  4.4346187e-18  2.1513471e-18
  1.3679871e-18  0.0000000e+00  1.7446075e-18  5.2023816e-18
  3.3824764e-02  4.3750000e-01  6.9999999e-01  1.0500000e+00
  2.2504692e-01  9.8260351e-02  5.0013977e-01 -1.3515290e-02
 -7.5968552e-01 -1.4710011e-01 -5.1949328e-01  8.9659369e-01
  8.9659369e-01  1.1446651e+00  1.1446651e+00  1.2410663e+00
  1.2410663e+00  1.2014474e+00  1.2014474e+00  1.1159620e+00
  5.9247598e-02  9.4796158e-02  1.4219424e-01]
[ 0.0000000e+00  0.0000000e+00  0.0000000e+00  0.0000000e+00
  0.0000000e+00  0.0000000e+00  0.0000000e+00  0.0000000e+00
  0.0000000e+00  0.0000000e+00  0.0000000e+00  0.0000000e+00
  0.0000000e+00  2.9971346e-01  1.6144328e-02  6.6601378e-01
  1.4687252e-02 -7.4596512e-01 -2.7049157e-01  6.1776990e-01
  5.8204411e-18  9.3871548e-19  2.2173093e-18  2.6076923e-18
  3.7165556e-18  0.0000000e+00  8.7230373e-19  3.4760677e-18
  3.8097903e-02  4.6875000e-01  7.5000000e-01  1.1250000e+00
  3.0046284e-01  1.1619526e-01  6.6697133e-01  1.5291910e-01
 -9.5688647e-01 -3.1012047e-02 -6.4241046e-01  9.5240939e-01
  9.5240939e-01  1.2100010e+00  1.2100010e+00  1.3602757e+00
  1.3602757e+00  1.2996511e+00  1.2996511e+00  1.2079810e+00
  7.0733458e-02  1.1317354e-01  1.6976030e-01]
[ 0.00000000e+00  0.00000000e+00  0.00000000e+00  0.00000000e+00
  0.00000000e+00  0.00000000e+00  0.00000000e+00  0.00000000e+00
  0.00000000e+00  0.00000000e+00  0.00000000e+00  0.00000000e+00
  0.00000000e+00  3.74911755e-01 -3.02442275e-02  7.44694948e-01
 -5.18943602e-03 -8.86722863e-01 -3.20618689e-01  6.77482784e-01
  3.14298916e-18  2.66926117e-18  5.29875936e-18  3.65429411e-18
  1.85827779e-18  0.00000000e+00  4.36151864e-19  1.73884821e-18
  4.08099554e-02  4.84375000e-01  7.74999976e-01  1.16250002e+00
  3.74873608e-01  1.29559696e-01  8.24860275e-01  2.43314132e-01
 -1.11016488e+00  6.39909655e-02 -7.34807849e-01  9.84024704e-01
  9.84024704e-01  1.23982358e+00  1.23982358e+00  1.41428864e+00
  1.41428864e+00  1.35078406e+00  1.35078406e+00  1.25399053e+00
  7.53498077e-02  1.20559685e-01  1.80839539e-01]
[ 0.00000000e+00  0.00000000e+00  0.00000000e+00  0.00000000e+00
  0.00000000e+00  0.00000000e+00  0.00000000e+00  0.00000000e+00
  0.00000000e+00  0.00000000e+00  0.00000000e+00  0.00000000e+00
  0.00000000e+00  4.49646026e-01 -6.51831701e-02  7.51134098e-01
 -2.29062531e-02 -1.01846969e+00 -3.57782602e-01  7.22609520e-01
  1.57149458e-18  5.62322757e-18  5.25821345e-18  1.82714705e-18
  9.29138895e-19  0.00000000e+00  2.18181243e-19  5.20663873e-18
  4.22224030e-02  4.92187500e-01  7.87500024e-01  1.18124998e+00
  3.69317472e-01  1.39669776e-01  9.43617404e-01  3.25757444e-01
 -1.22512364e+00  1.35243222e-01 -8.04034054e-01  9.98670816e-01
  9.98670816e-01  1.25490093e+00  1.25490093e+00  1.44326234e+00
  1.44326234e+00  1.37404621e+00  1.37404621e+00  1.27699530e+00
  7.78581351e-02  1.24573015e-01  1.86859518e-01]
[ 0.0000000e+00  0.0000000e+00  0.0000000e+00  0.0000000e+00
  0.0000000e+00  0.0000000e+00  0.0000000e+00  0.0000000e+00
  0.0000000e+00  0.0000000e+00  0.0000000e+00  0.0000000e+00
  0.0000000e+00  5.2470136e-01 -9.1330864e-02  7.1344107e-01
 -4.3752871e-02 -1.1363126e+00 -3.8608694e-01  7.4522728e-01
  7.8574729e-19  4.3219141e-18  4.8540786e-18  9.1357353e-19
  2.6638624e-18  0.0000000e+00  2.1935460e-19  5.2054654e-18
  4.3105986e-02  4.9609375e-01  7.9374999e-01  1.1906250e+00
  3.3522549e-01  1.4725232e-01  1.0326240e+00  4.0384480e-01
 -1.3113427e+00  1.8853939e-01 -8.5587227e-01  1.0060742e+00
  1.0060742e+00  1.2651370e+00  1.2651370e+00  1.4564960e+00
  1.4564960e+00  1.3837899e+00  1.3837899e+00  1.2884977e+00
  7.8885712e-02  1.2621714e-01  1.8932572e-01]
[ 0.00000000e+00  0.00000000e+00  0.00000000e+00  0.00000000e+00
  0.00000000e+00  0.00000000e+00  0.00000000e+00  0.00000000e+00
  0.00000000e+00  0.00000000e+00  0.00000000e+00  0.00000000e+00
  0.00000000e+00  5.99708974e-01 -1.10985965e-01  6.52706981e-01
 -7.00326040e-02 -1.24054289e+00 -4.07315195e-01  7.42096245e-01
  1.18988632e-17  3.51005118e-18  7.55708072e-18  4.56786764e-19
  2.25752230e-17  0.00000000e+00  1.95868201e-18  2.60273269e-18
  4.39812467e-02  4.98046875e-01  7.96875000e-01  1.19531250e+00
  2.95535147e-01  1.52939245e-01  1.09938705e+00  4.74213213e-01
 -1.37589836e+00  2.28429914e-01 -8.94901514e-01  1.00949538e+00
  1.00949538e+00  1.26973546e+00  1.26973546e+00  1.46107674e+00
  1.46107674e+00  1.38693202e+00  1.38693202e+00  1.29424882e+00
  8.07483643e-02  1.29197389e-01  1.93796068e-01]
[ 0.00000000e+00  0.00000000e+00  0.00000000e+00  0.00000000e+00
  0.00000000e+00  0.00000000e+00  0.00000000e+00  0.00000000e+00
  0.00000000e+00  0.00000000e+00  0.00000000e+00  0.00000000e+00
  0.00000000e+00  6.74651623e-01 -1.25739470e-01  5.80233693e-01
 -9.98264104e-02 -1.32260036e+00 -4.23132151e-01  7.17285395e-01
  6.02866436e-18  1.75502559e-18  1.18270731e-17  2.36741821e-18
  1.32670729e-17  1.17093835e-17  4.56076743e-18  1.30136634e-18
  4.48591523e-02  4.99023438e-01  7.98437476e-01  1.19765627e+00
  2.57972568e-01  1.57204434e-01  1.14947295e+00  5.35555542e-01
 -1.42388105e+00  2.58178115e-01 -9.24176097e-01  1.00974870e+00
  1.00974870e+00  1.27010489e+00  1.27010489e+00  1.46157169e+00
  1.46157169e+00  1.38723969e+00  1.38723969e+00  1.29712439e+00
  8.09910893e-02  1.29585743e-01  1.94378614e-01]
[ 0.0000000e+00  0.0000000e+00  0.0000000e+00  0.0000000e+00
  0.0000000e+00  0.0000000e+00  0.0000000e+00  0.0000000e+00
  0.0000000e+00  0.0000000e+00  0.0000000e+00  0.0000000e+00
  0.0000000e+00  7.4959362e-01 -1.3680461e-01  5.0386554e-01
 -1.3151620e-01 -1.3843932e+00 -4.3495521e-01  6.7528903e-01
  1.1802516e-17  8.7751280e-19  9.3691547e-18  1.4749172e-18
  1.8655310e-17  5.8546917e-18  2.2803837e-18  2.2412928e-18
  4.5762885e-02  4.9951172e-01  7.9921877e-01  1.1988281e+00
  2.2568542e-01  1.6040333e-01  1.1870949e+00  5.8633327e-01
 -1.4603918e+00  2.8086054e-01 -9.4613206e-01  1.0099856e+00
  1.0099856e+00  1.2704326e+00  1.2704326e+00  1.4620699e+00
  1.4620699e+00  1.3875438e+00  1.3875438e+00  1.2985622e+00
  8.1130676e-02  1.2980908e-01  1.9471362e-01]
[ 0.0000000e+00  0.0000000e+00  0.0000000e+00  0.0000000e+00
  0.0000000e+00  0.0000000e+00  0.0000000e+00  0.0000000e+00
  0.0000000e+00  0.0000000e+00  0.0000000e+00  0.0000000e+00
  0.0000000e+00  8.1481254e-01 -1.4510345e-01  4.3912357e-01
 -1.5633970e-01 -1.4307395e+00 -4.4382843e-01  6.2424678e-01
  6.2816286e-18  4.3875640e-19  4.6845773e-18  7.8736572e-19
  9.3276550e-18  3.3940300e-18  4.5996222e-18  1.1206464e-18
  4.6771906e-02  4.9975586e-01  7.9960936e-01  1.1994140e+00
  1.9781867e-01  1.6280249e-01  1.2151977e+00  6.1861676e-01
 -1.4877938e+00  2.9770651e-01 -9.3609655e-01  1.0102221e+00
  1.0102221e+00  1.2707487e+00  1.2707487e+00  1.4626056e+00
  1.4626056e+00  1.3878646e+00  1.3878646e+00  1.2992811e+00
  8.1216812e-02  1.2994690e-01  1.9492036e-01]
[ 0.0000000e+00  0.0000000e+00  0.0000000e+00  0.0000000e+00
  0.0000000e+00  0.0000000e+00  0.0000000e+00  0.0000000e+00
  0.0000000e+00  0.0000000e+00  0.0000000e+00  0.0000000e+00
  0.0000000e+00  8.6317301e-01 -1.5132760e-01  3.9336702e-01
 -1.6957052e-01 -1.4655052e+00 -4.5047560e-01  5.7497704e-01
  8.0115559e-17  7.5387851e-18  8.2126329e-18  3.3365345e-18
  4.2153663e-17  2.6685302e-17  2.2998111e-18  5.6032320e-19
  6.7338598e-01  4.5302767e-01  7.2484428e-01  1.0872664e+00
  1.7675000e-01  1.6460188e-01  1.2362374e+00  6.1884534e-01
 -1.5083454e+00  3.1029513e-01 -8.5180038e-01  1.0104908e+00
  1.0104908e+00  1.2710989e+00  1.2710989e+00  1.4632647e+00
  1.4632647e+00  1.3882511e+00  1.3882511e+00  1.2996405e+00
  8.1275634e-02  1.3004100e-01  1.9506152e-01]
[ 0.0000000e+00  0.0000000e+00  0.0000000e+00  0.0000000e+00
  0.0000000e+00  0.0000000e+00  0.0000000e+00  0.0000000e+00
  0.0000000e+00  0.0000000e+00  0.0000000e+00  0.0000000e+00
  0.0000000e+00  8.9900064e-01 -1.5599570e-01  3.6027411e-01
 -1.7590511e-01 -1.4915904e+00 -4.5548022e-01  5.3161752e-01
  7.9724521e-17  1.4768732e-17  5.9518979e-18  1.9289616e-18
  2.1076832e-17  1.6837151e-17  1.1499055e-18  2.8016160e-19
  9.8669297e-01  4.2966530e-01  6.8746448e-01  1.0311967e+00
  1.6119881e-01  1.6595140e-01  1.2520024e+00  6.2878597e-01
 -1.5237590e+00  3.1971937e-01 -7.9149115e-01  1.0108171e+00
  1.0108171e+00  1.2715143e+00  1.2715143e+00  1.4641479e+00
  1.4641479e+00  1.3887550e+00  1.3887550e+00  1.2998203e+00
  8.1314430e-02  1.3010310e-01  1.9515464e-01]
[ 0.0000000e+00  0.0000000e+00  0.0000000e+00  0.0000000e+00
  0.0000000e+00  0.0000000e+00  0.0000000e+00  0.0000000e+00
  0.0000000e+00  0.0000000e+00  0.0000000e+00  0.0000000e+00
  0.0000000e+00  9.2554307e-01 -1.5949677e-01  3.3598056e-01
 -1.7839305e-01 -1.5111635e+00 -4.5925730e-01  4.9530199e-01
  4.2866253e-17  7.3843662e-18  2.9759489e-18  9.6448081e-19
  1.2781335e-17  8.4185753e-18  1.4410904e-18  1.4008080e-19
  1.1433464e+00  4.1798672e-01  6.6877878e-01  1.0031681e+00
  1.4922549e-01  1.6696355e-01  1.2638197e+00  6.3699090e-01
 -1.5353193e+00  3.2678139e-01 -7.3162520e-01  1.0111605e+00
  1.0111605e+00  1.2719390e+00  1.2719390e+00  1.4652076e+00
  1.4652076e+00  1.3893373e+00  1.3893373e+00  1.2999102e+00
  8.1328407e-02  1.3012545e-01  1.9518818e-01]
[ 0.0000000e+00  0.0000000e+00  0.0000000e+00  0.0000000e+00
  0.0000000e+00  0.0000000e+00  0.0000000e+00  0.0000000e+00
  0.0000000e+00  0.0000000e+00  0.0000000e+00  0.0000000e+00
  0.0000000e+00  9.4523203e-01 -1.6212258e-01  3.1796083e-01
 -1.7886795e-01 -1.5258505e+00 -4.6211225e-01  4.6576804e-01
  2.2419212e-17  1.2910312e-17  3.6984395e-18  4.8224040e-19
  6.3906675e-18  9.4444827e-18  7.2054519e-19  7.0040400e-20
  1.2216733e+00  4.1215676e-01  6.5945083e-01  9.8917621e-01
  1.3939151e-01  1.6772266e-01  1.2726789e+00  6.4530146e-01
 -1.5439894e+00  3.3207574e-01 -6.7750609e-01  1.0114639e+00
  1.0114639e+00  1.2722987e+00  1.2722987e+00  1.4663057e+00
  1.4663057e+00  1.3899131e+00  1.3899131e+00  1.2999550e+00
  8.1320919e-02  1.3011347e-01  1.9517021e-01]
[ 0.00000000e+00  0.00000000e+00  0.00000000e+00  0.00000000e+00
  0.00000000e+00  0.00000000e+00  0.00000000e+00  0.00000000e+00
  0.00000000e+00  0.00000000e+00  0.00000000e+00  0.00000000e+00
  0.00000000e+00  9.59869444e-01 -1.64091930e-01  3.04492027e-01
 -1.78379178e-01 -1.53687155e+00 -4.64272499e-01  4.42191631e-01
  1.36116135e-17  7.33948176e-18  3.13426179e-18  3.19810007e-18
  3.19533377e-18  4.72224135e-18  2.08259490e-18  2.62350485e-18
  1.26083660e+00  4.09241140e-01  6.54785812e-01  9.82178688e-01
  1.30949616e-01  1.68292001e-01  1.27932048e+00  6.53072059e-01
 -1.55049205e+00  3.36046636e-01 -6.28139853e-01  1.01171005e+00
  1.01171005e+00  1.27257490e+00  1.27257490e+00  1.46736383e+00
  1.46736383e+00  1.39043963e+00  1.39043963e+00  1.29997754e+00
  8.13025385e-02  1.30084053e-01  1.95126086e-01]
[ 0.0000000e+00  0.0000000e+00  0.0000000e+00  0.0000000e+00
  0.0000000e+00  0.0000000e+00  0.0000000e+00  0.0000000e+00
  0.0000000e+00  0.0000000e+00  0.0000000e+00  0.0000000e+00
  0.0000000e+00  9.7067827e-01 -1.6556895e-01  2.9496929e-01
 -1.7753530e-01 -1.5451536e+00 -4.6558869e-01  4.2327863e-01
  8.3423299e-18  3.7292557e-18  2.4140948e-18  1.5990500e-18
  5.9166902e-18  2.3611207e-18  1.9082343e-18  2.1940097e-18
  1.2804183e+00  4.1149366e-01  6.5838987e-01  9.8758477e-01
  1.2342900e-01  1.6871899e-01  1.2842996e+00  6.6023022e-01
 -1.5553690e+00  3.3902618e-01 -5.8338624e-01  1.0119042e+00
  1.0119042e+00  1.2727795e+00  1.2727795e+00  1.4683570e+00
  1.4683570e+00  1.3909080e+00  1.3909080e+00  1.2999887e+00
  8.1281036e-02  1.3004966e-01  1.9507448e-01]
[ 0.00000000e+00  0.00000000e+00  0.00000000e+00  0.00000000e+00
  0.00000000e+00  0.00000000e+00  0.00000000e+00  0.00000000e+00
  0.00000000e+00  0.00000000e+00  0.00000000e+00  0.00000000e+00
  0.00000000e+00  9.78780568e-01 -1.66676715e-01  2.87619442e-01
 -1.76571339e-01 -1.55136526e+00 -4.66729939e-01  4.08517569e-01
  4.74883893e-18  1.86462785e-18  1.62738707e-18  9.85904785e-19
  6.92467632e-18  1.18056034e-18  9.54117164e-19  2.83158482e-18
  1.29020917e+00  4.10924703e-01  6.57479525e-01  9.86219287e-01
  1.16563216e-01  1.69039249e-01  1.28803253e+00  6.66712344e-01
 -1.55902684e+00  3.41262758e-01 -5.42873681e-01  1.01205659e+00
  1.01205659e+00  1.27292907e+00  1.27292907e+00  1.46928132e+00
  1.46928132e+00  1.39132071e+00  1.39132071e+00  1.29999435e+00
  8.12602341e-02  1.30016372e-01  1.95024550e-01]
[ 0.00000000e+00  0.00000000e+00  0.00000000e+00  0.00000000e+00
  0.00000000e+00  0.00000000e+00  0.00000000e+00  0.00000000e+00
  0.00000000e+00  0.00000000e+00  0.00000000e+00  0.00000000e+00
  0.00000000e+00  9.84869242e-01 -1.67507529e-01  2.81924427e-01
 -1.75646216e-01 -1.55602396e+00 -4.67709839e-01  3.97059172e-01
  7.07103849e-18  6.40639059e-18  8.13693536e-19  2.40081253e-18
  4.53156382e-18  4.37141090e-18  4.77058582e-19  1.41579241e-18
  1.29510462e+00  4.10154343e-01  6.56246960e-01  9.84370410e-01
  1.10199966e-01  1.69279441e-01  1.29083133e+00  6.72517002e-01
 -1.56177008e+00  3.42942238e-01 -5.06236017e-01  1.01217604e+00
  1.01217604e+00  1.27303791e+00  1.27303791e+00  1.47013938e+00
  1.47013938e+00  1.39168334e+00  1.39168334e+00  1.29999721e+00
  8.12416300e-02  1.29986599e-01  1.94979906e-01]
[ 0.0000000e+00  0.0000000e+00  0.0000000e+00  0.0000000e+00
  0.0000000e+00  0.0000000e+00  0.0000000e+00  0.0000000e+00
  0.0000000e+00  0.0000000e+00  0.0000000e+00  0.0000000e+00
  0.0000000e+00  9.8945516e-01 -1.6813065e-01  2.7749884e-01
 -1.7482814e-01 -1.5595180e+00 -4.6853238e-01  3.8819894e-01
  3.6354571e-18  3.3496964e-18  2.7397576e-18  1.2004063e-18
  2.2657819e-18  1.1235357e-17  2.0567124e-18  7.0789621e-19
  1.2975523e+00  4.0893665e-01  6.5429866e-01  9.8144799e-01
  1.0425427e-01  1.6945958e-01  1.2929299e+00  6.7767382e-01
 -1.5638276e+00  3.4420386e-01 -4.7311643e-01  1.0122699e+00
  1.0122699e+00  1.2731168e+00  1.2731168e+00  1.4709356e+00
  1.4709356e+00  1.3920019e+00  1.3920019e+00  1.2999986e+00
  8.1225626e-02  1.2996100e-01  1.9494149e-01]
[ 0.0000000e+00  0.0000000e+00  0.0000000e+00  0.0000000e+00
  0.0000000e+00  0.0000000e+00  0.0000000e+00  0.0000000e+00
  0.0000000e+00  0.0000000e+00  0.0000000e+00  0.0000000e+00
  0.0000000e+00  9.9291629e-01 -1.6859798e-01  2.7405235e-01
 -1.7413768e-01 -1.5621384e+00 -4.6914929e-01  3.8136700e-01
  1.8177286e-18  1.6748482e-18  1.3698788e-18  6.0020313e-19
  2.6584516e-18  5.6176784e-18  1.1893507e-18  3.5394810e-19
  1.2987761e+00  4.0866992e-01  6.5387189e-01  9.8080784e-01
  9.8678984e-02  1.6959469e-01  1.2945033e+00  6.8223017e-01
 -1.5653707e+00  3.4515187e-01 -4.4318223e-01  1.0123435e+00
  1.0123435e+00  1.2731742e+00  1.2731742e+00  1.4716741e+00
  1.4716741e+00  1.3922817e+00  1.3922817e+00  1.2999994e+00
  8.1212148e-02  1.2993944e-01  1.9490916e-01]
[ 0.0000000e+00  0.0000000e+00  0.0000000e+00  0.0000000e+00
  0.0000000e+00  0.0000000e+00  0.0000000e+00  0.0000000e+00
  0.0000000e+00  0.0000000e+00  0.0000000e+00  0.0000000e+00
  0.0000000e+00  9.9553323e-01 -1.6894849e-01  2.7136430e-01
 -1.7357135e-01 -1.5641038e+00 -4.6961194e-01  3.7610790e-01
  4.9396550e-18  6.6500821e-18  1.1522034e-18  2.3662566e-18
  1.5124232e-18  2.8088392e-18  1.3005900e-18  1.7697405e-19
  1.2993881e+00  4.0839776e-01  6.5343642e-01  9.8015463e-01
  9.3447506e-02  1.6969602e-01  1.2956833e+00  6.8624151e-01
 -1.5665280e+00  3.4586450e-01 -4.1612843e-01  1.0124016e+00
  1.0124016e+00  1.2732155e+00  1.2732155e+00  1.4723591e+00
  1.4723591e+00  1.3925272e+00  1.3925272e+00  1.2999996e+00
  8.1200950e-02  1.2992151e-01  1.9488227e-01]
[ 0.0000000e+00  0.0000000e+00  0.0000000e+00  0.0000000e+00
  0.0000000e+00  0.0000000e+00  0.0000000e+00  0.0000000e+00
  0.0000000e+00  0.0000000e+00  0.0000000e+00  0.0000000e+00
  0.0000000e+00  9.9751496e-01 -1.6921137e-01  2.6926547e-01
 -1.7311564e-01 -1.5655779e+00 -4.6995896e-01  3.7206432e-01
  2.4698275e-18  3.3250411e-18  5.7610172e-19  1.1831283e-18
  1.5615941e-18  3.1828636e-18  6.5029502e-19  8.8487026e-20
  1.2996941e+00  4.0811035e-01  6.5297657e-01  9.7946483e-01
  8.8543631e-02  1.6977201e-01  1.2965680e+00  6.8976521e-01
 -1.5673960e+00  3.4640044e-01 -3.9167798e-01  1.0124472e+00
  1.0124472e+00  1.2732455e+00  1.2732455e+00  1.4729946e+00
  1.4729946e+00  1.3927429e+00  1.3927429e+00  1.2999998e+00
  8.1191711e-02  1.2990674e-01  1.9486010e-01]
[ 0.0000000e+00  0.0000000e+00  0.0000000e+00  0.0000000e+00
  0.0000000e+00  0.0000000e+00  0.0000000e+00  0.0000000e+00
  0.0000000e+00  0.0000000e+00  0.0000000e+00  0.0000000e+00
  0.0000000e+00  9.9901778e-01 -1.6940853e-01  2.6762545e-01
 -1.7275380e-01 -1.5666834e+00 -4.7021922e-01  3.6895788e-01
  1.6189819e-18  2.3543483e-18  2.8805086e-19  1.2369748e-18
  2.6526787e-18  4.8570371e-18  2.3850185e-18  4.4243513e-20
  1.2998470e+00  4.0779841e-01  6.5247744e-01  9.7871619e-01
  8.3955802e-02  1.6982901e-01  1.2972317e+00  6.9285697e-01
 -1.5680470e+00  3.4680361e-01 -3.6958009e-01  1.0124834e+00
  1.0124834e+00  1.2732670e+00  1.2732670e+00  1.4735842e+00
  1.4735842e+00  1.3929322e+00  1.3929322e+00  1.3000000e+00
  8.1184141e-02  1.2989461e-01  1.9484194e-01]
[ 0.0000000e+00  0.0000000e+00  0.0000000e+00  0.0000000e+00
  0.0000000e+00  0.0000000e+00  0.0000000e+00  0.0000000e+00
  0.0000000e+00  0.0000000e+00  0.0000000e+00  0.0000000e+00
  0.0000000e+00  1.0001587e+00 -1.6955639e-01  2.6634333e-01
 -1.7246926e-01 -1.5675125e+00 -4.7041443e-01  3.6657271e-01
  8.0949094e-19  2.0427701e-18  6.2571896e-19  1.6484224e-18
  3.6235462e-18  2.4285185e-18  1.1925093e-18  8.3681897e-19
  1.2999235e+00  4.0748855e-01  6.5198165e-01  9.7797251e-01
  7.9673998e-02  1.6987176e-01  1.2977294e+00  6.9556868e-01
 -1.5685352e+00  3.4710708e-01 -3.4960824e-01  1.0125120e+00
  1.0125120e+00  1.2732825e+00  1.2732825e+00  1.4741311e+00
  1.4741311e+00  1.3930986e+00  1.3930986e+00  1.3000000e+00
  8.1177950e-02  1.2988472e-01  1.9482708e-01]
[ 0.0000000e+00  0.0000000e+00  0.0000000e+00  0.0000000e+00
  0.0000000e+00  0.0000000e+00  0.0000000e+00  0.0000000e+00
  0.0000000e+00  0.0000000e+00  0.0000000e+00  0.0000000e+00
  0.0000000e+00  1.0010257e+00 -1.6966729e-01  2.6534069e-01
 -1.7224708e-01 -1.5681344e+00 -4.7056082e-01  3.6474204e-01
  6.5291405e-18  2.5145242e-18  3.1285948e-19  8.2421119e-19
  3.2478205e-18  2.8783633e-18  2.2547144e-18  2.5715424e-18
  1.2999618e+00  4.0722486e-01  6.5155977e-01  9.7733968e-01
  7.5688109e-02  1.6990381e-01  1.2981026e+00  6.9794738e-01
 -1.5689014e+00  3.4733564e-01 -3.3155790e-01  1.0125345e+00
  1.0125345e+00  1.2732936e+00  1.2732936e+00  1.4746386e+00
  1.4746386e+00  1.3932446e+00  1.3932446e+00  1.3000000e+00
  8.1172898e-02  1.2987664e-01  1.9481497e-01]
[ 0.0000000e+00  0.0000000e+00  0.0000000e+00  0.0000000e+00
  0.0000000e+00  0.0000000e+00  0.0000000e+00  0.0000000e+00
  0.0000000e+00  0.0000000e+00  0.0000000e+00  0.0000000e+00
  0.0000000e+00  1.0016851e+00 -1.6975047e-01  2.6455644e-01
 -1.7207454e-01 -1.5686008e+00 -4.7067061e-01  3.6333725e-01
  5.5072982e-18  6.1441739e-18  1.7528167e-19  4.1210559e-19
  1.6239102e-18  1.6363406e-18  1.1273572e-18  2.0788418e-18
  1.2999809e+00  4.0702537e-01  6.5124059e-01  9.7686088e-01
  7.1987264e-02  1.6992787e-01  1.2983826e+00  7.0003539e-01
 -1.5691761e+00  3.4750789e-01 -3.1524432e-01  1.0125523e+00
  1.0125523e+00  1.2733016e+00  1.2733016e+00  1.4751093e+00
  1.4751093e+00  1.3933729e+00  1.3933729e+00  1.3000000e+00
  8.1168801e-02  1.2987009e-01  1.9480512e-01]
[ 0.0000000e+00  0.0000000e+00  0.0000000e+00  0.0000000e+00
  0.0000000e+00  0.0000000e+00  0.0000000e+00  0.0000000e+00
  0.0000000e+00  0.0000000e+00  0.0000000e+00  0.0000000e+00
  0.0000000e+00  1.0021871e+00 -1.6981269e-01  2.6394302e-01
 -1.7194109e-01 -1.5689507e+00 -4.7075295e-01  3.6225942e-01
  2.7536491e-18  3.5861299e-18  8.7640833e-20  2.0605280e-19
  8.1195511e-19  1.2938120e-18  5.6367861e-19  1.5728361e-18
  1.2999904e+00  4.0688440e-01  6.5101504e-01  9.7652256e-01
  6.8559624e-02  1.6994590e-01  1.2985927e+00  7.0186979e-01
 -1.5693821e+00  3.4763780e-01 -3.0050060e-01  1.0125664e+00
  1.0125664e+00  1.2733073e+00  1.2733073e+00  1.4755462e+00
  1.4755462e+00  1.3934854e+00  1.3934854e+00  1.3000000e+00
  8.1165478e-02  1.2986475e-01  1.9479714e-01]
[ 0.0000000e+00  0.0000000e+00  0.0000000e+00  0.0000000e+00
  0.0000000e+00  0.0000000e+00  0.0000000e+00  0.0000000e+00
  0.0000000e+00  0.0000000e+00  0.0000000e+00  0.0000000e+00
  0.0000000e+00  1.0025694e+00 -1.6985229e-01  2.6346320e-01
 -1.7183818e-01 -1.5692129e+00 -4.7081470e-01  3.6143246e-01
  4.7260662e-18  5.4526298e-18  4.3820416e-20  6.8405153e-19
  4.0597756e-19  2.9647224e-18  2.8183930e-19  1.2742473e-18
  1.2999952e+00  4.0678853e-01  6.5086162e-01  9.7629243e-01
  6.5392427e-02  1.6995943e-01  1.2987503e+00  7.0348334e-01
 -1.5695366e+00  3.4773588e-01 -2.8717595e-01  1.0125777e+00
  1.0125777e+00  1.2733113e+00  1.2733113e+00  1.4759516e+00
  1.4759516e+00  1.3935844e+00  1.3935844e+00  1.3000000e+00
  8.1162781e-02  1.2986045e-01  1.9479068e-01]
[ 0.0000000e+00  0.0000000e+00  0.0000000e+00  0.0000000e+00
  0.0000000e+00  0.0000000e+00  0.0000000e+00  0.0000000e+00
  0.0000000e+00  0.0000000e+00  0.0000000e+00  0.0000000e+00
  0.0000000e+00  1.0028609e+00 -1.6987641e-01  2.6308787e-01
 -1.7175907e-01 -1.5694097e+00 -4.7086105e-01  3.6079800e-01
  2.3630331e-18  2.7263149e-18  1.6512780e-18  8.0544024e-19
  2.0298878e-19  1.4823612e-18  9.2369201e-19  6.3712367e-19
  1.2999976e+00  4.0672472e-01  6.5075952e-01  9.7613931e-01
  6.2472239e-02  1.6996957e-01  1.2988684e+00  7.0490432e-01
 -1.5696524e+00  3.4781000e-01 -2.7513412e-01  1.0125865e+00
  1.0125865e+00  1.2733141e+00  1.2733141e+00  1.4763277e+00
  1.4763277e+00  1.3936713e+00  1.3936713e+00  1.3000000e+00
  8.1160598e-02  1.2985696e-01  1.9478545e-01]
[ 0.0000000e+00  0.0000000e+00  0.0000000e+00  0.0000000e+00
  0.0000000e+00  0.0000000e+00  0.0000000e+00  0.0000000e+00
  0.0000000e+00  0.0000000e+00  0.0000000e+00  0.0000000e+00
  0.0000000e+00  1.0030832e+00 -1.6989015e-01  2.6279420e-01
 -1.7169836e-01 -1.5695573e+00 -4.7089577e-01  3.6031127e-01
  1.1815166e-18  3.2824444e-18  1.2803583e-18  2.4151310e-18
  1.0149439e-19  3.7628343e-18  1.2546026e-18  3.1856183e-19
  1.2999988e+00  4.0668279e-01  6.5069246e-01  9.7603869e-01
  5.9785139e-02  1.6997717e-01  1.2989571e+00  7.0615757e-01
 -1.5697393e+00  3.4786609e-01 -2.6425186e-01  1.0125935e+00
  1.0125935e+00  1.2733161e+00  1.2733161e+00  1.4766766e+00
  1.4766766e+00  1.3937476e+00  1.3937476e+00  1.3000000e+00
  8.1158839e-02  1.2985414e-01  1.9478121e-01]
[ 0.0000000e+00  0.0000000e+00  0.0000000e+00  0.0000000e+00
  0.0000000e+00  0.0000000e+00  0.0000000e+00  0.0000000e+00
  0.0000000e+00  0.0000000e+00  0.0000000e+00  0.0000000e+00
  0.0000000e+00  1.0032529e+00 -1.6989703e-01  2.6256448e-01
 -1.7165187e-01 -1.5696679e+00 -4.7092184e-01  3.5993782e-01
  1.2617979e-18  1.6412222e-18  1.4383386e-18  3.9362696e-18
  8.6939919e-19  3.3416145e-18  1.6349590e-18  1.0276964e-18
  1.2999994e+00  4.0666562e-01  6.5066499e-01  9.7599751e-01
  5.7317004e-02  1.6998288e-01  1.2990236e+00  7.0726436e-01
 -1.5698044e+00  3.4790862e-01 -2.5441778e-01  1.0125991e+00
  1.0125991e+00  1.2733176e+00  1.2733176e+00  1.4770005e+00
  1.4770005e+00  1.3938146e+00  1.3938146e+00  1.3000000e+00
  8.1157416e-02  1.2985186e-01  1.9477779e-01]
[ 0.0000000e+00  0.0000000e+00  0.0000000e+00  0.0000000e+00
  0.0000000e+00  0.0000000e+00  0.0000000e+00  0.0000000e+00
  0.0000000e+00  0.0000000e+00  0.0000000e+00  0.0000000e+00
  0.0000000e+00  1.0033824e+00 -1.6989952e-01  2.6238471e-01
 -1.7161632e-01 -1.5697510e+00 -4.7094136e-01  3.5965127e-01
  1.3222180e-18  1.6548574e-18  2.3028981e-18  2.9029200e-18
  1.2355960e-18  3.2331905e-18  2.0231076e-18  5.1384822e-19
  1.2999997e+00  4.0665224e-01  6.5064359e-01  9.7596538e-01
  5.5053722e-02  1.6998716e-01  1.2990735e+00  7.0824325e-01
 -1.5698533e+00  3.4794089e-01 -2.4553117e-01  1.0126035e+00
  1.0126035e+00  1.2733185e+00  1.2733185e+00  1.4773009e+00
  1.4773009e+00  1.3938735e+00  1.3938735e+00  1.3000000e+00
  8.1156269e-02  1.2985003e-01  1.9477504e-01]
[ 0.0000000e+00  0.0000000e+00  0.0000000e+00  0.0000000e+00
  0.0000000e+00  0.0000000e+00  0.0000000e+00  0.0000000e+00
  0.0000000e+00  0.0000000e+00  0.0000000e+00  0.0000000e+00
  0.0000000e+00  1.0034814e+00 -1.6989927e-01  2.6224411e-01
 -1.7158915e-01 -1.5698133e+00 -4.7095603e-01  3.5943139e-01
  1.9910028e-18  8.2742872e-19  2.8888061e-18  1.9436157e-18
  3.0155601e-18  5.8402004e-18  1.9021837e-18  1.2244669e-18
  1.2999998e+00  4.0664724e-01  6.5063560e-01  9.7595334e-01
  5.2981377e-02  1.6999038e-01  1.2991109e+00  7.0911026e-01
 -1.5698900e+00  3.4796545e-01 -2.3750094e-01  1.0126071e+00
  1.0126071e+00  1.2733192e+00  1.2733192e+00  1.4775797e+00
  1.4775797e+00  1.3939251e+00  1.3939251e+00  1.3000000e+00
  8.1155337e-02  1.2984854e-01  1.9477281e-01]
[ 0.0000000e+00  0.0000000e+00  0.0000000e+00  0.0000000e+00
  0.0000000e+00  0.0000000e+00  0.0000000e+00  0.0000000e+00
  0.0000000e+00  0.0000000e+00  0.0000000e+00  0.0000000e+00
  0.0000000e+00  1.0035571e+00 -1.6989744e-01  2.6213408e-01
 -1.7156842e-01 -1.5698600e+00 -4.7096702e-01  3.5926265e-01
  1.9365121e-18  4.5378417e-18  3.0503137e-18  3.0575094e-18
  2.9266349e-18  3.9570248e-18  9.9338746e-19  1.2244669e-18
  1.3000000e+00  4.0663844e-01  6.5062153e-01  9.7593224e-01
  5.1086407e-02  1.6999277e-01  1.2991390e+00  7.0987922e-01
 -1.5699176e+00  3.4798419e-01 -2.3024473e-01  1.0126100e+00
  1.0126100e+00  1.2733197e+00  1.2733197e+00  1.4778385e+00
  1.4778385e+00  1.3939705e+00  1.3939705e+00  1.3000000e+00
  8.1154600e-02  1.2984735e-01  1.9477104e-01]
[ 0.0000000e+00  0.0000000e+00  0.0000000e+00  0.0000000e+00
  0.0000000e+00  0.0000000e+00  0.0000000e+00  0.0000000e+00
  0.0000000e+00  0.0000000e+00  0.0000000e+00  0.0000000e+00
  0.0000000e+00  1.0036149e+00 -1.6989475e-01  2.6204801e-01
 -1.7155263e-01 -1.5698949e+00 -4.7097528e-01  3.5913315e-01
  1.9365121e-18  3.5714644e-18  3.0503137e-18  3.0575094e-18
  3.2960610e-18  3.5875985e-18  7.8183602e-19  9.6370481e-19
  1.3000000e+00  4.0663749e-01  6.5061998e-01  9.7592998e-01
  4.9355727e-02  1.6999458e-01  1.2991600e+00  7.1056223e-01
 -1.5699382e+00  3.4799853e-01 -2.2368808e-01  1.0126121e+00
  1.0126121e+00  1.2733200e+00  1.2733200e+00  1.4780787e+00
  1.4780787e+00  1.3940103e+00  1.3940103e+00  1.3000000e+00
  8.1153996e-02  1.2984639e-01  1.9476959e-01]
[ 0.0000000e+00  0.0000000e+00  0.0000000e+00  0.0000000e+00
  0.0000000e+00  0.0000000e+00  0.0000000e+00  0.0000000e+00
  0.0000000e+00  0.0000000e+00  0.0000000e+00  0.0000000e+00
  0.0000000e+00  1.0036592e+00 -1.6989174e-01  2.6198065e-01
 -1.7154060e-01 -1.5699213e+00 -4.7098145e-01  3.5903373e-01
  1.2021703e-18  2.2171348e-18  1.8936089e-18  1.8980757e-18
  2.0461667e-18  2.3691896e-18  8.4806046e-19  9.5600996e-19
  1.3000000e+00  4.0663165e-01  6.5061063e-01  9.7591597e-01
  4.7776811e-02  1.6999593e-01  1.2991759e+00  7.1116954e-01
 -1.5699536e+00  3.4800953e-01 -2.1776368e-01  1.0126139e+00
  1.0126139e+00  1.2733202e+00  1.2733202e+00  1.4783015e+00
  1.4783015e+00  1.3940454e+00  1.3940454e+00  1.3000000e+00
  8.1153519e-02  1.2984563e-01  1.9476844e-01]
[ 0.0000000e+00  0.0000000e+00  0.0000000e+00  0.0000000e+00
  0.0000000e+00  0.0000000e+00  0.0000000e+00  0.0000000e+00
  0.0000000e+00  0.0000000e+00  0.0000000e+00  0.0000000e+00
  0.0000000e+00  1.0036931e+00 -1.6988868e-01  2.6192799e-01
 -1.7153145e-01 -1.5699409e+00 -4.7098610e-01  3.5895741e-01
  8.9219060e-19  3.3256987e-18  1.5884678e-18  1.8100488e-18
  2.7171146e-18  2.3552142e-18  2.6807805e-18  7.0950269e-19
  1.3000000e+00  4.0662596e-01  6.5060157e-01  9.7590232e-01
  4.6337765e-02  1.6999695e-01  1.2991877e+00  7.1171033e-01
 -1.5699652e+00  3.4801802e-01 -2.1241064e-01  1.0126153e+00
  1.0126153e+00  1.2733203e+00  1.2733203e+00  1.4785084e+00
  1.4785084e+00  1.3940761e+00  1.3940761e+00  1.3000000e+00
  8.1153132e-02  1.2984501e-01  1.9476750e-01]
[ 0.0000000e+00  0.0000000e+00  0.0000000e+00  0.0000000e+00
  0.0000000e+00  0.0000000e+00  0.0000000e+00  0.0000000e+00
  0.0000000e+00  0.0000000e+00  0.0000000e+00  0.0000000e+00
  0.0000000e+00  1.0037191e+00 -1.6988575e-01  2.6188678e-01
 -1.7152449e-01 -1.5699557e+00 -4.7098956e-01  3.5889882e-01
  1.3872356e-18  4.2295167e-18  7.9423391e-19  3.3154906e-18
  1.3585573e-18  1.1776071e-18  2.2450172e-18  9.6287359e-19
  1.3000000e+00  4.0662158e-01  6.5059453e-01  9.7589183e-01
  4.5027353e-02  1.6999772e-01  1.2991965e+00  7.1219236e-01
 -1.5699739e+00  3.4802458e-01 -2.0757395e-01  1.0126165e+00
  1.0126165e+00  1.2733204e+00  1.2733204e+00  1.4787003e+00
  1.4787003e+00  1.3941032e+00  1.3941032e+00  1.3000000e+00
  8.1152819e-02  1.2984450e-01  1.9476676e-01]
[ 0.0000000e+00  0.0000000e+00  0.0000000e+00  0.0000000e+00
  0.0000000e+00  0.0000000e+00  0.0000000e+00  0.0000000e+00
  0.0000000e+00  0.0000000e+00  0.0000000e+00  0.0000000e+00
  0.0000000e+00  1.0037390e+00 -1.6988307e-01  2.6185456e-01
 -1.7151922e-01 -1.5699668e+00 -4.7099218e-01  3.5885382e-01
  3.1219589e-18  2.4947935e-18  3.9711695e-19  1.6577453e-18
  6.7927865e-19  1.6112880e-18  1.1225086e-18  1.8302353e-18
  1.3000000e+00  4.0662050e-01  6.5059280e-01  9.7588921e-01
  4.3835022e-02  1.6999829e-01  1.2992032e+00  7.1262258e-01
 -1.5699804e+00  3.4802967e-01 -2.0320386e-01  1.0126173e+00
  1.0126173e+00  1.2733204e+00  1.2733204e+00  1.4788784e+00
  1.4788784e+00  1.3941269e+00  1.3941269e+00  1.3000000e+00
  8.1152566e-02  1.2984410e-01  1.9476616e-01]
[ 0.0000000e+00  0.0000000e+00  0.0000000e+00  0.0000000e+00
  0.0000000e+00  0.0000000e+00  0.0000000e+00  0.0000000e+00
  0.0000000e+00  0.0000000e+00  0.0000000e+00  0.0000000e+00
  0.0000000e+00  1.0037543e+00 -1.6988067e-01  2.6182935e-01
 -1.7151521e-01 -1.5699750e+00 -4.7099414e-01  3.5881925e-01
  2.1167080e-18  6.8273908e-18  1.9855848e-19  2.6474038e-18
  5.9200154e-18  8.0564398e-19  9.1838751e-19  9.6267228e-19
  1.3000000e+00  4.0661511e-01  6.5058416e-01  9.7587627e-01
  4.2750902e-02  1.6999872e-01  1.2992080e+00  7.1300685e-01
 -1.5699853e+00  3.4803367e-01 -1.9925541e-01  1.0126181e+00
  1.0126181e+00  1.2733204e+00  1.2733204e+00  1.4790436e+00
  1.4790436e+00  1.3941478e+00  1.3941478e+00  1.3000000e+00
  8.1152365e-02  1.2984379e-01  1.9476567e-01]
[ 0.0000000e+00  0.0000000e+00  0.0000000e+00  0.0000000e+00
  0.0000000e+00  0.0000000e+00  0.0000000e+00  0.0000000e+00
  0.0000000e+00  0.0000000e+00  0.0000000e+00  0.0000000e+00
  0.0000000e+00  1.0037659e+00 -1.6987859e-01  2.6180962e-01
 -1.7151216e-01 -1.5699813e+00 -4.7099560e-01  3.5879269e-01
  1.0583540e-18  3.4136954e-18  9.9279238e-20  1.3237019e-18
  2.9600077e-18  4.0282199e-19  4.5919376e-19  1.1580947e-18
  1.3000000e+00  4.0661162e-01  6.5057862e-01  9.7586793e-01
  4.1765805e-02  1.6999903e-01  1.2992119e+00  7.1335047e-01
 -1.5699890e+00  3.4803683e-01 -1.9568795e-01  1.0126187e+00
  1.0126187e+00  1.2733204e+00  1.2733204e+00  1.4791970e+00
  1.4791970e+00  1.3941660e+00  1.3941660e+00  1.3000000e+00
  8.1152201e-02  1.2984352e-01  1.9476528e-01]
[ 0.0000000e+00  0.0000000e+00  0.0000000e+00  0.0000000e+00
  0.0000000e+00  0.0000000e+00  0.0000000e+00  0.0000000e+00
  0.0000000e+00  0.0000000e+00  0.0000000e+00  0.0000000e+00
  0.0000000e+00  1.0037750e+00 -1.6987677e-01  2.6179421e-01
 -1.7150986e-01 -1.5699860e+00 -4.7099671e-01  3.5877228e-01
  5.2917701e-19  1.7068477e-18  9.6664099e-19  6.6185094e-19
  3.8273692e-18  2.0141100e-19  4.5919376e-19  1.1580947e-18
  1.3000000e+00  4.0661120e-01  6.5057790e-01  9.7586691e-01
  4.0871199e-02  1.6999927e-01  1.2992146e+00  7.1365798e-01
 -1.5699917e+00  3.4803930e-01 -1.9246477e-01  1.0126190e+00
  1.0126190e+00  1.2733206e+00  1.2733206e+00  1.4793394e+00
  1.4793394e+00  1.3941821e+00  1.3941821e+00  1.3000000e+00
  8.1152067e-02  1.2984331e-01  1.9476496e-01]
[ 0.0000000e+00  0.0000000e+00  0.0000000e+00  0.0000000e+00
  0.0000000e+00  0.0000000e+00  0.0000000e+00  0.0000000e+00
  0.0000000e+00  0.0000000e+00  0.0000000e+00  0.0000000e+00
  0.0000000e+00  1.0037819e+00 -1.6987523e-01  2.6178214e-01
 -1.7150812e-01 -1.5699894e+00 -4.7099751e-01  3.5875660e-01
  2.6458850e-19  2.5742094e-18  1.8340027e-18  3.2639362e-18
  4.6947310e-18  1.0070550e-19  2.2959688e-19  1.1580947e-18
  1.3000000e+00  4.0661082e-01  6.5057731e-01  9.7586596e-01
  4.0059194e-02  1.6999945e-01  1.2992166e+00  7.1393341e-01
 -1.5699939e+00  3.4804130e-01 -1.8955265e-01  1.0126194e+00
  1.0126194e+00  1.2733204e+00  1.2733204e+00  1.4794716e+00
  1.4794716e+00  1.3941962e+00  1.3941962e+00  1.3000000e+00
  8.1151962e-02  1.2984315e-01  1.9476472e-01]
[ 0.0000000e+00  0.0000000e+00  0.0000000e+00  0.0000000e+00
  0.0000000e+00  0.0000000e+00  0.0000000e+00  0.0000000e+00
  0.0000000e+00  0.0000000e+00  0.0000000e+00  0.0000000e+00
  0.0000000e+00  1.0037872e+00 -1.6987392e-01  2.6177272e-01
 -1.7150679e-01 -1.5699921e+00 -4.7099814e-01  3.5874456e-01
  2.6458850e-19  2.5742094e-18  1.8340027e-18  3.1007393e-18
  4.4599945e-18  1.0070550e-19  2.1811703e-19  1.1001900e-18
  1.3000000e+00  4.0661079e-01  6.5057725e-01  9.7586590e-01
  3.9322499e-02  1.6999960e-01  1.2992182e+00  7.1418035e-01
 -1.5699954e+00  3.4804291e-01 -1.8692161e-01  1.0126197e+00
  1.0126197e+00  1.2733204e+00  1.2733204e+00  1.4795941e+00
  1.4795941e+00  1.3942086e+00  1.3942086e+00  1.3000000e+00
  8.1151888e-02  1.2984301e-01  1.9476452e-01]
[ 0.0000000e+00  0.0000000e+00  0.0000000e+00  0.0000000e+00
  0.0000000e+00  0.0000000e+00  0.0000000e+00  0.0000000e+00
  0.0000000e+00  0.0000000e+00  0.0000000e+00  0.0000000e+00
  0.0000000e+00  1.0037912e+00 -1.6987284e-01  2.6176536e-01
 -1.7150579e-01 -1.5699941e+00 -4.7099862e-01  3.5873529e-01
  2.6326556e-19  2.5613385e-18  1.8248326e-18  3.0852356e-18
  4.4513211e-18  1.0504231e-19  2.1702645e-19  1.1001900e-18
  1.3000000e+00  4.0661079e-01  6.5057725e-01  9.7586584e-01
  3.8654417e-02  1.6999969e-01  1.2992194e+00  7.1440178e-01
 -1.5699965e+00  3.4804419e-01 -1.8454452e-01  1.0126200e+00
  1.0126200e+00  1.2733204e+00  1.2733204e+00  1.4797080e+00
  1.4797080e+00  1.3942195e+00  1.3942195e+00  1.3000000e+00
  8.1151813e-02  1.2984289e-01  1.9476435e-01]
[ 0.0000000e+00  0.0000000e+00  0.0000000e+00  0.0000000e+00
  0.0000000e+00  0.0000000e+00  0.0000000e+00  0.0000000e+00
  0.0000000e+00  0.0000000e+00  0.0000000e+00  0.0000000e+00
  0.0000000e+00  1.0037944e+00 -1.6987194e-01  2.6175958e-01
 -1.7150503e-01 -1.5699955e+00 -4.7099894e-01  3.5872817e-01
  2.6326556e-19  2.5613385e-18  1.8248326e-18  3.0852356e-18
  4.4513211e-18  1.0504231e-19  2.1702645e-19  1.1001900e-18
  1.3000000e+00  4.0661079e-01  6.5057725e-01  9.7586584e-01
  3.8048781e-02  1.6999978e-01  1.2992202e+00  7.1460062e-01
 -1.5699974e+00  3.4804526e-01 -1.8239689e-01  1.0126201e+00
  1.0126201e+00  1.2733204e+00  1.2733204e+00  1.4798136e+00
  1.4798136e+00  1.3942291e+00  1.3942291e+00  1.3000000e+00
  8.1151761e-02  1.2984282e-01  1.9476423e-01]
[ 0.0000000e+00  0.0000000e+00  0.0000000e+00  0.0000000e+00
  0.0000000e+00  0.0000000e+00  0.0000000e+00  0.0000000e+00
  0.0000000e+00  0.0000000e+00  0.0000000e+00  0.0000000e+00
  0.0000000e+00  1.0037968e+00 -1.6987118e-01  2.6175508e-01
 -1.7150447e-01 -1.5699967e+00 -4.7099921e-01  3.5872272e-01
  2.6326556e-19  2.5613385e-18  1.8248326e-18  3.0852356e-18
  4.4513211e-18  1.0504231e-19  2.1702645e-19  1.1001900e-18
  1.3000000e+00  4.0661079e-01  6.5057725e-01  9.7586584e-01
  3.7499942e-02  1.6999982e-01  1.2992208e+00  7.1477914e-01
 -1.5699980e+00  3.4804612e-01 -1.8045656e-01  1.0126202e+00
  1.0126202e+00  1.2733204e+00  1.2733204e+00  1.4799117e+00
  1.4799117e+00  1.3942374e+00  1.3942374e+00  1.3000000e+00
  8.1151716e-02  1.2984274e-01  1.9476412e-01]
[ 0.0000000e+00  0.0000000e+00  0.0000000e+00  0.0000000e+00
  0.0000000e+00  0.0000000e+00  0.0000000e+00  0.0000000e+00
  0.0000000e+00  0.0000000e+00  0.0000000e+00  0.0000000e+00
  0.0000000e+00  1.0037986e+00 -1.6987057e-01  2.6175156e-01
 -1.7150404e-01 -1.5699975e+00 -4.7099942e-01  3.5871848e-01
  2.6326556e-19  2.5613385e-18  1.8248326e-18  3.0852356e-18
  4.4513211e-18  1.0504231e-19  2.1702645e-19  1.1001900e-18
  1.3000000e+00  4.0661079e-01  6.5057725e-01  9.7586584e-01
  3.7002720e-02  1.6999987e-01  1.2992213e+00  7.1493953e-01
 -1.5699985e+00  3.4804687e-01 -1.7870356e-01  1.0126203e+00
  1.0126203e+00  1.2733204e+00  1.2733204e+00  1.4800026e+00
  1.4800026e+00  1.3942448e+00  1.3942448e+00  1.3000000e+00
  8.1151687e-02  1.2984270e-01  1.9476403e-01]
[ 0.0000000e+00  0.0000000e+00  0.0000000e+00  0.0000000e+00
  0.0000000e+00  0.0000000e+00  0.0000000e+00  0.0000000e+00
  0.0000000e+00  0.0000000e+00  0.0000000e+00  0.0000000e+00
  0.0000000e+00  1.0038000e+00 -1.6987006e-01  2.6174879e-01
 -1.7150371e-01 -1.5699981e+00 -4.7099957e-01  3.5871527e-01
  2.6326556e-19  2.5613385e-18  1.8248326e-18  3.0852356e-18
  4.4513211e-18  1.0504231e-19  2.1702645e-19  1.1001900e-18
  1.3000000e+00  4.0661079e-01  6.5057725e-01  9.7586584e-01
  3.6552388e-02  1.6999990e-01  1.2992216e+00  7.1508378e-01
 -1.5699989e+00  3.4804747e-01 -1.7711981e-01  1.0126204e+00
  1.0126204e+00  1.2733204e+00  1.2733204e+00  1.4800870e+00
  1.4800870e+00  1.3942512e+00  1.3942512e+00  1.3000000e+00
  8.1151657e-02  1.2984264e-01  1.9476397e-01]
[ 0.0000000e+00  0.0000000e+00  0.0000000e+00  0.0000000e+00
  0.0000000e+00  0.0000000e+00  0.0000000e+00  0.0000000e+00
  0.0000000e+00  0.0000000e+00  0.0000000e+00  0.0000000e+00
  0.0000000e+00  1.0038012e+00 -1.6986966e-01  2.6174664e-01
 -1.7150347e-01 -1.5699986e+00 -4.7099966e-01  3.5871276e-01
  2.6326556e-19  2.5613385e-18  1.8248326e-18  3.0852356e-18
  4.4513211e-18  1.0504231e-19  2.1702645e-19  1.1001900e-18
  1.3000000e+00  4.0661079e-01  6.5057725e-01  9.7586584e-01
  3.6144625e-02  1.6999993e-01  1.2992219e+00  7.1521354e-01
 -1.5699992e+00  3.4804800e-01 -1.7568894e-01  1.0126206e+00
  1.0126206e+00  1.2733204e+00  1.2733204e+00  1.4801655e+00
  1.4801655e+00  1.3942569e+00  1.3942569e+00  1.3000000e+00
  8.1151642e-02  1.2984262e-01  1.9476394e-01]
[ 0.0000000e+00  0.0000000e+00  0.0000000e+00  0.0000000e+00
  0.0000000e+00  0.0000000e+00  0.0000000e+00  0.0000000e+00
  0.0000000e+00  0.0000000e+00  0.0000000e+00  0.0000000e+00
  0.0000000e+00  1.0038021e+00 -1.6986932e-01  2.6174495e-01
 -1.7150328e-01 -1.5699990e+00 -4.7099975e-01  3.5871086e-01
  2.6326556e-19  2.5613385e-18  1.8248326e-18  3.0852356e-18
  4.4513211e-18  1.0504231e-19  2.1702645e-19  1.1001900e-18
  1.3000000e+00  4.0661079e-01  6.5057725e-01  9.7586584e-01
  3.5775490e-02  1.6999994e-01  1.2992221e+00  7.1533024e-01
 -1.5699993e+00  3.4804842e-01 -1.7439622e-01  1.0126206e+00
  1.0126206e+00  1.2733204e+00  1.2733204e+00  1.4802382e+00
  1.4802382e+00  1.3942620e+00  1.3942620e+00  1.3000000e+00
  8.1151620e-02  1.2984259e-01  1.9476390e-01]
[ 0.0000000e+00  0.0000000e+00  0.0000000e+00  0.0000000e+00
  0.0000000e+00  0.0000000e+00  0.0000000e+00  0.0000000e+00
  0.0000000e+00  0.0000000e+00  0.0000000e+00  0.0000000e+00
  0.0000000e+00  1.0038027e+00 -1.6986905e-01  2.6174363e-01
 -1.7150314e-01 -1.5699992e+00 -4.7099981e-01  3.5870937e-01
  2.6326556e-19  2.5613385e-18  1.8248326e-18  3.0852356e-18
  4.4513211e-18  1.0504231e-19  2.1702645e-19  1.1001900e-18
  1.3000000e+00  4.0661079e-01  6.5057725e-01  9.7586584e-01
  3.5441387e-02  1.6999996e-01  1.2992222e+00  7.1543533e-01
 -1.5699996e+00  3.4804881e-01 -1.7322831e-01  1.0126207e+00
  1.0126207e+00  1.2733204e+00  1.2733204e+00  1.4803057e+00
  1.4803057e+00  1.3942664e+00  1.3942664e+00  1.3000000e+00
  8.1151605e-02  1.2984256e-01  1.9476384e-01]
[ 0.0000000e+00  0.0000000e+00  0.0000000e+00  0.0000000e+00
  0.0000000e+00  0.0000000e+00  0.0000000e+00  0.0000000e+00
  0.0000000e+00  0.0000000e+00  0.0000000e+00  0.0000000e+00
  0.0000000e+00  1.0038031e+00 -1.6986883e-01  2.6174262e-01
 -1.7150304e-01 -1.5699995e+00 -4.7099987e-01  3.5870823e-01
  2.6326556e-19  2.5613385e-18  1.8248326e-18  3.0852356e-18
  4.4513211e-18  1.0504231e-19  2.1702645e-19  1.1001900e-18
  1.3000000e+00  4.0661079e-01  6.5057725e-01  9.7586584e-01
  3.5139047e-02  1.6999997e-01  1.2992222e+00  7.1552992e-01
 -1.5699997e+00  3.4804913e-01 -1.7217316e-01  1.0126207e+00
  1.0126207e+00  1.2733204e+00  1.2733204e+00  1.4803684e+00
  1.4803684e+00  1.3942702e+00  1.3942702e+00  1.3000000e+00
  8.1151590e-02  1.2984255e-01  1.9476382e-01]
[ 0.0000000e+00  0.0000000e+00  0.0000000e+00  0.0000000e+00
  0.0000000e+00  0.0000000e+00  0.0000000e+00  0.0000000e+00
  0.0000000e+00  0.0000000e+00  0.0000000e+00  0.0000000e+00
  0.0000000e+00  1.0038036e+00 -1.6986865e-01  2.6174182e-01
 -1.7150296e-01 -1.5699996e+00 -4.7099990e-01  3.5870737e-01
  2.6326556e-19  2.5613385e-18  1.8248326e-18  3.0852356e-18
  4.4513211e-18  1.0504231e-19  2.1702645e-19  1.1001900e-18
  1.3000000e+00  4.0661079e-01  6.5057725e-01  9.7586584e-01
  3.4865495e-02  1.6999997e-01  1.2992224e+00  7.1561515e-01
 -1.5699997e+00  3.4804940e-01 -1.7121989e-01  1.0126207e+00
  1.0126207e+00  1.2733204e+00  1.2733204e+00  1.4804265e+00
  1.4804265e+00  1.3942736e+00  1.3942736e+00  1.3000000e+00
  8.1151590e-02  1.2984253e-01  1.9476381e-01]
[ 0.0000000e+00  0.0000000e+00  0.0000000e+00  0.0000000e+00
  0.0000000e+00  0.0000000e+00  0.0000000e+00  0.0000000e+00
  0.0000000e+00  0.0000000e+00  0.0000000e+00  0.0000000e+00
  0.0000000e+00  1.0038038e+00 -1.6986851e-01  2.6174119e-01
 -1.7150290e-01 -1.5699997e+00 -4.7099993e-01  3.5870668e-01
  2.6326556e-19  2.5613385e-18  1.8248326e-18  3.0852356e-18
  4.4513211e-18  1.0504231e-19  2.1702645e-19  1.1001900e-18
  1.3000000e+00  4.0661079e-01  6.5057725e-01  9.7586584e-01
  3.4618024e-02  1.6999999e-01  1.2992224e+00  7.1569192e-01
 -1.5699998e+00  3.4804967e-01 -1.7035866e-01  1.0126208e+00
  1.0126208e+00  1.2733204e+00  1.2733204e+00  1.4804804e+00
  1.4804804e+00  1.3942766e+00  1.3942766e+00  1.3000000e+00
  8.1151582e-02  1.2984253e-01  1.9476381e-01]
[ 0.0000000e+00  0.0000000e+00  0.0000000e+00  0.0000000e+00
  0.0000000e+00  0.0000000e+00  0.0000000e+00  0.0000000e+00
  0.0000000e+00  0.0000000e+00  0.0000000e+00  0.0000000e+00
  0.0000000e+00  1.0038041e+00 -1.6986839e-01  2.6174068e-01
 -1.7150286e-01 -1.5699997e+00 -4.7099993e-01  3.5870618e-01
  2.6326556e-19  2.5613385e-18  1.8248326e-18  3.0852356e-18
  4.4513211e-18  1.0504231e-19  2.1702645e-19  1.1001900e-18
  1.3000000e+00  4.0661079e-01  6.5057725e-01  9.7586584e-01
  3.4394182e-02  1.6999999e-01  1.2992225e+00  7.1576118e-01
 -1.5699998e+00  3.4804988e-01 -1.6958058e-01  1.0126208e+00
  1.0126208e+00  1.2733204e+00  1.2733204e+00  1.4805306e+00
  1.4805306e+00  1.3942792e+00  1.3942792e+00  1.3000000e+00
  8.1151567e-02  1.2984252e-01  1.9476376e-01]
[ 0.0000000e+00  0.0000000e+00  0.0000000e+00  0.0000000e+00
  0.0000000e+00  0.0000000e+00  0.0000000e+00  0.0000000e+00
  0.0000000e+00  0.0000000e+00  0.0000000e+00  0.0000000e+00
  0.0000000e+00  1.0038043e+00 -1.6986831e-01  2.6174030e-01
 -1.7150283e-01 -1.5699998e+00 -4.7099996e-01  3.5870576e-01
  2.6326556e-19  2.5613385e-18  1.8248326e-18  3.0852356e-18
  4.4513211e-18  1.0504231e-19  2.1702645e-19  1.1001900e-18
  1.3000000e+00  4.0661079e-01  6.5057725e-01  9.7586584e-01
  3.4191731e-02  1.6999999e-01  1.2992225e+00  7.1582353e-01
 -1.5699999e+00  3.4805006e-01 -1.6887765e-01  1.0126208e+00
  1.0126208e+00  1.2733204e+00  1.2733204e+00  1.4805771e+00
  1.4805771e+00  1.3942815e+00  1.3942815e+00  1.3000000e+00
  8.1151567e-02  1.2984250e-01  1.9476376e-01]
[ 0.0000000e+00  0.0000000e+00  0.0000000e+00  0.0000000e+00
  0.0000000e+00  0.0000000e+00  0.0000000e+00  0.0000000e+00
  0.0000000e+00  0.0000000e+00  0.0000000e+00  0.0000000e+00
  0.0000000e+00  1.0038044e+00 -1.6986823e-01  2.6174000e-01
 -1.7150280e-01 -1.5699998e+00 -4.7099996e-01  3.5870546e-01
  2.6326556e-19  2.5613385e-18  1.8248326e-18  3.0852356e-18
  4.4513211e-18  1.0504231e-19  2.1702645e-19  1.1001900e-18
  1.3000000e+00  4.0661079e-01  6.5057725e-01  9.7586584e-01
  3.4008652e-02  1.6999999e-01  1.2992225e+00  7.1587980e-01
 -1.5699999e+00  3.4805024e-01 -1.6824257e-01  1.0126208e+00
  1.0126208e+00  1.2733204e+00  1.2733204e+00  1.4806203e+00
  1.4806203e+00  1.3942835e+00  1.3942835e+00  1.3000000e+00
  8.1151560e-02  1.2984250e-01  1.9476375e-01]
[ 0.0000000e+00  0.0000000e+00  0.0000000e+00  0.0000000e+00
  0.0000000e+00  0.0000000e+00  0.0000000e+00  0.0000000e+00
  0.0000000e+00  0.0000000e+00  0.0000000e+00  0.0000000e+00
  0.0000000e+00  1.0038046e+00 -1.6986817e-01  2.6173976e-01
 -1.7150278e-01 -1.5699999e+00 -4.7099999e-01  3.5870522e-01
  2.6326556e-19  2.5613385e-18  1.8248326e-18  3.0852356e-18
  4.4513211e-18  1.0504231e-19  2.1702645e-19  1.1001900e-18
  1.3000000e+00  4.0661079e-01  6.5057725e-01  9.7586584e-01
  3.3843096e-02  1.7000000e-01  1.2992225e+00  7.1593052e-01
 -1.5699999e+00  3.4805036e-01 -1.6766880e-01  1.0126208e+00
  1.0126208e+00  1.2733204e+00  1.2733204e+00  1.4806603e+00
  1.4806603e+00  1.3942853e+00  1.3942853e+00  1.3000000e+00
  8.1151560e-02  1.2984250e-01  1.9476375e-01]
[ 0.0000000e+00  0.0000000e+00  0.0000000e+00  0.0000000e+00
  0.0000000e+00  0.0000000e+00  0.0000000e+00  0.0000000e+00
  0.0000000e+00  0.0000000e+00  0.0000000e+00  0.0000000e+00
  0.0000000e+00  1.0038046e+00 -1.6986813e-01  2.6173958e-01
 -1.7150277e-01 -1.5699999e+00 -4.7099999e-01  3.5870504e-01
  2.6326556e-19  2.5613385e-18  1.8248326e-18  3.0852356e-18
  4.4513211e-18  1.0504231e-19  2.1702645e-19  1.1001900e-18
  1.3000000e+00  4.0661079e-01  6.5057725e-01  9.7586584e-01
  3.3693403e-02  1.7000000e-01  1.2992225e+00  7.1597624e-01
 -1.5699999e+00  3.4805048e-01 -1.6715044e-01  1.0126208e+00
  1.0126208e+00  1.2733204e+00  1.2733204e+00  1.4806975e+00
  1.4806975e+00  1.3942869e+00  1.3942869e+00  1.3000000e+00
  8.1151560e-02  1.2984250e-01  1.9476375e-01]
[ 0.0000000e+00  0.0000000e+00  0.0000000e+00  0.0000000e+00
  0.0000000e+00  0.0000000e+00  0.0000000e+00  0.0000000e+00
  0.0000000e+00  0.0000000e+00  0.0000000e+00  0.0000000e+00
  0.0000000e+00  1.0038047e+00 -1.6986808e-01  2.6173943e-01
 -1.7150275e-01 -1.5699999e+00 -4.7099999e-01  3.5870489e-01
  2.6326556e-19  2.5613385e-18  1.8248326e-18  3.0852356e-18
  4.4513211e-18  1.0504231e-19  2.1702645e-19  1.1001900e-18
  1.3000000e+00  4.0661079e-01  6.5057725e-01  9.7586584e-01
  3.3558071e-02  1.7000000e-01  1.2992225e+00  7.1601748e-01
 -1.5699999e+00  3.4805056e-01 -1.6668212e-01  1.0126208e+00
  1.0126208e+00  1.2733204e+00  1.2733204e+00  1.4807320e+00
  1.4807320e+00  1.3942882e+00  1.3942882e+00  1.3000000e+00
  8.1151560e-02  1.2984250e-01  1.9476375e-01]
[ 0.0000000e+00  0.0000000e+00  0.0000000e+00  0.0000000e+00
  0.0000000e+00  0.0000000e+00  0.0000000e+00  0.0000000e+00
  0.0000000e+00  0.0000000e+00  0.0000000e+00  0.0000000e+00
  0.0000000e+00  1.0038047e+00 -1.6986805e-01  2.6173934e-01
 -1.7150275e-01 -1.5699999e+00 -4.7099999e-01  3.5870481e-01
  2.6326556e-19  2.5613385e-18  1.8248326e-18  3.0852356e-18
  4.4513211e-18  1.0504231e-19  2.1702645e-19  1.1001900e-18
  1.3000000e+00  4.0661079e-01  6.5057725e-01  9.7586584e-01
  3.3435725e-02  1.7000000e-01  1.2992224e+00  7.1605474e-01
 -1.5699999e+00  3.4805065e-01 -1.6625904e-01  1.0126208e+00
  1.0126208e+00  1.2733204e+00  1.2733204e+00  1.4807640e+00
  1.4807640e+00  1.3942894e+00  1.3942894e+00  1.3000000e+00
  8.1151560e-02  1.2984250e-01  1.9476375e-01]
[ 0.0000000e+00  0.0000000e+00  0.0000000e+00  0.0000000e+00
  0.0000000e+00  0.0000000e+00  0.0000000e+00  0.0000000e+00
  0.0000000e+00  0.0000000e+00  0.0000000e+00  0.0000000e+00
  0.0000000e+00  1.0038048e+00 -1.6986802e-01  2.6173925e-01
 -1.7150275e-01 -1.5699999e+00 -4.7099999e-01  3.5870472e-01
  2.6326556e-19  2.5613385e-18  1.8248326e-18  3.0852356e-18
  4.4513211e-18  1.0504231e-19  2.1702645e-19  1.1001900e-18
  1.3000000e+00  4.0661079e-01  6.5057725e-01  9.7586584e-01
  3.3325125e-02  1.7000000e-01  1.2992224e+00  7.1608829e-01
 -1.5699999e+00  3.4805071e-01 -1.6587679e-01  1.0126208e+00
  1.0126208e+00  1.2733204e+00  1.2733204e+00  1.4807937e+00
  1.4807937e+00  1.3942904e+00  1.3942904e+00  1.3000000e+00
  8.1151560e-02  1.2984250e-01  1.9476375e-01]
[ 0.0000000e+00  0.0000000e+00  0.0000000e+00  0.0000000e+00
  0.0000000e+00  0.0000000e+00  0.0000000e+00  0.0000000e+00
  0.0000000e+00  0.0000000e+00  0.0000000e+00  0.0000000e+00
  0.0000000e+00  1.0038048e+00 -1.6986801e-01  2.6173916e-01
 -1.7150274e-01 -1.5699999e+00 -4.7099999e-01  3.5870466e-01
  2.6326556e-19  2.5613385e-18  1.8248326e-18  3.0852356e-18
  4.4513211e-18  1.0504231e-19  2.1702645e-19  1.1001900e-18
  1.3000000e+00  4.0661079e-01  6.5057725e-01  9.7586584e-01
  3.3225153e-02  1.7000000e-01  1.2992224e+00  7.1611863e-01
 -1.5699999e+00  3.4805074e-01 -1.6553144e-01  1.0126208e+00
  1.0126208e+00  1.2733204e+00  1.2733204e+00  1.4808214e+00
  1.4808214e+00  1.3942914e+00  1.3942914e+00  1.3000000e+00
  8.1151560e-02  1.2984249e-01  1.9476373e-01]
[ 0.0000000e+00  0.0000000e+00  0.0000000e+00  0.0000000e+00
  0.0000000e+00  0.0000000e+00  0.0000000e+00  0.0000000e+00
  0.0000000e+00  0.0000000e+00  0.0000000e+00  0.0000000e+00
  0.0000000e+00  1.0038048e+00 -1.6986799e-01  2.6173913e-01
 -1.7150274e-01 -1.5699999e+00 -4.7099999e-01  3.5870460e-01
  2.6326556e-19  2.5613385e-18  1.8248326e-18  3.0852356e-18
  4.4513211e-18  1.0504231e-19  2.1702645e-19  1.1001900e-18
  1.3000000e+00  4.0661079e-01  6.5057725e-01  9.7586584e-01
  3.3134796e-02  1.7000000e-01  1.2992224e+00  7.1614599e-01
 -1.5699999e+00  3.4805080e-01 -1.6521946e-01  1.0126208e+00
  1.0126208e+00  1.2733204e+00  1.2733204e+00  1.4808470e+00
  1.4808470e+00  1.3942922e+00  1.3942922e+00  1.3000000e+00
  8.1151560e-02  1.2984249e-01  1.9476373e-01]
[ 0.0000000e+00  0.0000000e+00  0.0000000e+00  0.0000000e+00
  0.0000000e+00  0.0000000e+00  0.0000000e+00  0.0000000e+00
  0.0000000e+00  0.0000000e+00  0.0000000e+00  0.0000000e+00
  0.0000000e+00  1.0038048e+00 -1.6986798e-01  2.6173908e-01
 -1.7150274e-01 -1.5699999e+00 -4.7099999e-01  3.5870457e-01
  2.6326556e-19  2.5613385e-18  1.8248326e-18  3.0852356e-18
  4.4513211e-18  1.0504231e-19  2.1702645e-19  1.1001900e-18
  1.3000000e+00  4.0661079e-01  6.5057725e-01  9.7586584e-01
  3.3053126e-02  1.7000000e-01  1.2992224e+00  7.1617067e-01
 -1.5699999e+00  3.4805083e-01 -1.6493759e-01  1.0126209e+00
  1.0126209e+00  1.2733204e+00  1.2733204e+00  1.4808707e+00
  1.4808707e+00  1.3942930e+00  1.3942930e+00  1.3000000e+00
  8.1151560e-02  1.2984249e-01  1.9476375e-01]
[ 0.0000000e+00  0.0000000e+00  0.0000000e+00  0.0000000e+00
  0.0000000e+00  0.0000000e+00  0.0000000e+00  0.0000000e+00
  0.0000000e+00  0.0000000e+00  0.0000000e+00  0.0000000e+00
  0.0000000e+00  1.0038048e+00 -1.6986798e-01  2.6173905e-01
 -1.7150274e-01 -1.5699999e+00 -4.7099999e-01  3.5870454e-01
  2.6326556e-19  2.5613385e-18  1.8248326e-18  3.0852356e-18
  4.4513211e-18  1.0504231e-19  2.1702645e-19  1.1001900e-18
  1.3000000e+00  4.0661079e-01  6.5057725e-01  9.7586584e-01
  3.2979313e-02  1.7000000e-01  1.2992224e+00  7.1619296e-01
 -1.5700001e+00  3.4805086e-01 -1.6468292e-01  1.0126209e+00
  1.0126209e+00  1.2733203e+00  1.2733203e+00  1.4808928e+00
  1.4808928e+00  1.3942935e+00  1.3942935e+00  1.3000000e+00
  8.1151560e-02  1.2984250e-01  1.9476375e-01]
[ 0.0000000e+00  0.0000000e+00  0.0000000e+00  0.0000000e+00
  0.0000000e+00  0.0000000e+00  0.0000000e+00  0.0000000e+00
  0.0000000e+00  0.0000000e+00  0.0000000e+00  0.0000000e+00
  0.0000000e+00  1.0038048e+00 -1.6986796e-01  2.6173902e-01
 -1.7150274e-01 -1.5699999e+00 -4.7099999e-01  3.5870451e-01
  2.6326556e-19  2.5613385e-18  1.8248326e-18  3.0852356e-18
  4.4513211e-18  1.0504231e-19  2.1702645e-19  1.1001900e-18
  1.3000000e+00  4.0661079e-01  6.5057725e-01  9.7586584e-01
  3.2912605e-02  1.7000000e-01  1.2992222e+00  7.1621311e-01
 -1.5700001e+00  3.4805089e-01 -1.6445287e-01  1.0126208e+00
  1.0126208e+00  1.2733203e+00  1.2733203e+00  1.4809133e+00
  1.4809133e+00  1.3942941e+00  1.3942941e+00  1.3000000e+00
  8.1151552e-02  1.2984248e-01  1.9476372e-01]
[ 0.0000000e+00  0.0000000e+00  0.0000000e+00  0.0000000e+00
  0.0000000e+00  0.0000000e+00  0.0000000e+00  0.0000000e+00
  0.0000000e+00  0.0000000e+00  0.0000000e+00  0.0000000e+00
  0.0000000e+00  1.0038048e+00 -1.6986796e-01  2.6173899e-01
 -1.7150274e-01 -1.5700001e+00 -4.7099999e-01  3.5870448e-01
  2.6326556e-19  2.5613385e-18  1.8248326e-18  3.0852356e-18
  4.4513211e-18  1.0504231e-19  2.1702645e-19  1.1001900e-18
  1.3000000e+00  4.0661079e-01  6.5057725e-01  9.7586584e-01
  3.2852322e-02  1.7000000e-01  1.2992222e+00  7.1623129e-01
 -1.5700001e+00  3.4805092e-01 -1.6424501e-01  1.0126208e+00
  1.0126208e+00  1.2733203e+00  1.2733203e+00  1.4809322e+00
  1.4809322e+00  1.3942946e+00  1.3942946e+00  1.3000000e+00
  8.1151552e-02  1.2984249e-01  1.9476373e-01]
[ 0.0000000e+00  0.0000000e+00  0.0000000e+00  0.0000000e+00
  0.0000000e+00  0.0000000e+00  0.0000000e+00  0.0000000e+00
  0.0000000e+00  0.0000000e+00  0.0000000e+00  0.0000000e+00
  0.0000000e+00  1.0038049e+00 -1.6986795e-01  2.6173899e-01
 -1.7150274e-01 -1.5700001e+00 -4.7099999e-01  3.5870448e-01
  2.6326556e-19  2.5613385e-18  1.8248326e-18  3.0852356e-18
  4.4513211e-18  1.0504231e-19  2.1702645e-19  1.1001900e-18
  1.3000000e+00  4.0661079e-01  6.5057725e-01  9.7586584e-01
  3.2797843e-02  1.7000000e-01  1.2992222e+00  7.1624768e-01
 -1.5700001e+00  3.4805095e-01 -1.6405724e-01  1.0126208e+00
  1.0126208e+00  1.2733203e+00  1.2733203e+00  1.4809499e+00
  1.4809499e+00  1.3942950e+00  1.3942950e+00  1.3000000e+00
  8.1151545e-02  1.2984248e-01  1.9476372e-01]
[ 0.0000000e+00  0.0000000e+00  0.0000000e+00  0.0000000e+00
  0.0000000e+00  0.0000000e+00  0.0000000e+00  0.0000000e+00
  0.0000000e+00  0.0000000e+00  0.0000000e+00  0.0000000e+00
  0.0000000e+00  1.0038049e+00 -1.6986795e-01  2.6173899e-01
 -1.7150274e-01 -1.5700001e+00 -4.7099999e-01  3.5870448e-01
  2.6326556e-19  2.5613385e-18  1.8248326e-18  3.0852356e-18
  4.4513211e-18  1.0504231e-19  2.1702645e-19  1.1001900e-18
  1.3000000e+00  4.0661079e-01  6.5057725e-01  9.7586584e-01
  3.2748610e-02  1.7000000e-01  1.2992222e+00  7.1626252e-01
 -1.5700001e+00  3.4805098e-01 -1.6388759e-01  1.0126208e+00
  1.0126208e+00  1.2733204e+00  1.2733204e+00  1.4809663e+00
  1.4809663e+00  1.3942953e+00  1.3942953e+00  1.3000000e+00
  8.1151552e-02  1.2984248e-01  1.9476372e-01]
[ 0.0000000e+00  0.0000000e+00  0.0000000e+00  0.0000000e+00
  0.0000000e+00  0.0000000e+00  0.0000000e+00  0.0000000e+00
  0.0000000e+00  0.0000000e+00  0.0000000e+00  0.0000000e+00
  0.0000000e+00  1.0038049e+00 -1.6986795e-01  2.6173896e-01
 -1.7150274e-01 -1.5700001e+00 -4.7099999e-01  3.5870445e-01
  2.6326556e-19  2.5613385e-18  1.8248326e-18  3.0852356e-18
  4.4513211e-18  1.0504231e-19  2.1702645e-19  1.1001900e-18
  1.3000000e+00  4.0661079e-01  6.5057725e-01  9.7586584e-01
  3.2704122e-02  1.7000000e-01  1.2992222e+00  7.1627587e-01
 -1.5700001e+00  3.4805098e-01 -1.6373432e-01  1.0126209e+00
  1.0126209e+00  1.2733204e+00  1.2733204e+00  1.4809815e+00
  1.4809815e+00  1.3942957e+00  1.3942957e+00  1.3000000e+00
  8.1151552e-02  1.2984249e-01  1.9476373e-01]
[ 0.0000000e+00  0.0000000e+00  0.0000000e+00  0.0000000e+00
  0.0000000e+00  0.0000000e+00  0.0000000e+00  0.0000000e+00
  0.0000000e+00  0.0000000e+00  0.0000000e+00  0.0000000e+00
  0.0000000e+00  1.0038049e+00 -1.6986795e-01  2.6173896e-01
 -1.7150274e-01 -1.5700001e+00 -4.7099999e-01  3.5870445e-01
  2.6326556e-19  2.5613385e-18  1.8248326e-18  3.0852356e-18
  4.4513211e-18  1.0504231e-19  2.1702645e-19  1.1001900e-18
  1.3000000e+00  4.0661079e-01  6.5057725e-01  9.7586584e-01
  3.2663923e-02  1.7000000e-01  1.2992222e+00  7.1628797e-01
 -1.5700001e+00  3.4805101e-01 -1.6359586e-01  1.0126208e+00
  1.0126208e+00  1.2733203e+00  1.2733203e+00  1.4809955e+00
  1.4809955e+00  1.3942959e+00  1.3942959e+00  1.3000000e+00
  8.1151545e-02  1.2984248e-01  1.9476371e-01]
[ 0.0000000e+00  0.0000000e+00  0.0000000e+00  0.0000000e+00
  0.0000000e+00  0.0000000e+00  0.0000000e+00  0.0000000e+00
  0.0000000e+00  0.0000000e+00  0.0000000e+00  0.0000000e+00
  0.0000000e+00  1.0038049e+00 -1.6986795e-01  2.6173896e-01
 -1.7150274e-01 -1.5700001e+00 -4.7099999e-01  3.5870445e-01
  2.6326556e-19  2.5613385e-18  1.8248326e-18  3.0852356e-18
  4.4513211e-18  1.0504231e-19  2.1702645e-19  1.1001900e-18
  1.3000000e+00  4.0661079e-01  6.5057725e-01  9.7586584e-01
  3.2627601e-02  1.7000000e-01  1.2992222e+00  7.1629888e-01
 -1.5700001e+00  3.4805101e-01 -1.6347076e-01  1.0126208e+00
  1.0126208e+00  1.2733203e+00  1.2733203e+00  1.4810086e+00
  1.4810086e+00  1.3942963e+00  1.3942963e+00  1.3000000e+00
  8.1151552e-02  1.2984249e-01  1.9476373e-01]
[ 0.0000000e+00  0.0000000e+00  0.0000000e+00  0.0000000e+00
  0.0000000e+00  0.0000000e+00  0.0000000e+00  0.0000000e+00
  0.0000000e+00  0.0000000e+00  0.0000000e+00  0.0000000e+00
  0.0000000e+00  1.0038049e+00 -1.6986795e-01  2.6173896e-01
 -1.7150272e-01 -1.5700001e+00 -4.7099999e-01  3.5870445e-01
  2.6326556e-19  2.5613385e-18  1.8248326e-18  3.0852356e-18
  4.4513211e-18  1.0504231e-19  2.1702645e-19  1.1001900e-18
  1.3000000e+00  4.0661079e-01  6.5057725e-01  9.7586584e-01
  3.2594778e-02  1.7000000e-01  1.2992222e+00  7.1630871e-01
 -1.5700001e+00  3.4805104e-01 -1.6335773e-01  1.0126208e+00
  1.0126208e+00  1.2733203e+00  1.2733203e+00  1.4810208e+00
  1.4810208e+00  1.3942964e+00  1.3942964e+00  1.3000000e+00
  8.1151545e-02  1.2984248e-01  1.9476371e-01]
[ 0.0000000e+00  0.0000000e+00  0.0000000e+00  0.0000000e+00
  0.0000000e+00  0.0000000e+00  0.0000000e+00  0.0000000e+00
  0.0000000e+00  0.0000000e+00  0.0000000e+00  0.0000000e+00
  0.0000000e+00  1.0038049e+00 -1.6986795e-01  2.6173896e-01
 -1.7150272e-01 -1.5700001e+00 -4.7099999e-01  3.5870445e-01
  2.6326556e-19  2.5613385e-18  1.8248326e-18  3.0852356e-18
  4.4513211e-18  1.0504231e-19  2.1702645e-19  1.1001900e-18
  1.3000000e+00  4.0661079e-01  6.5057725e-01  9.7586584e-01
  3.2565121e-02  1.7000000e-01  1.2992222e+00  7.1631759e-01
 -1.5700001e+00  3.4805104e-01 -1.6325563e-01  1.0126208e+00
  1.0126208e+00  1.2733203e+00  1.2733203e+00  1.4810321e+00
  1.4810321e+00  1.3942966e+00  1.3942966e+00  1.3000000e+00
  8.1151552e-02  1.2984249e-01  1.9476373e-01]
[ 0.0000000e+00  0.0000000e+00  0.0000000e+00  0.0000000e+00
  0.0000000e+00  0.0000000e+00  0.0000000e+00  0.0000000e+00
  0.0000000e+00  0.0000000e+00  0.0000000e+00  0.0000000e+00
  0.0000000e+00  1.0038049e+00 -1.6986793e-01  2.6173893e-01
 -1.7150272e-01 -1.5700001e+00 -4.7099999e-01  3.5870445e-01
  2.6326556e-19  2.5613385e-18  1.8248326e-18  3.0852356e-18
  4.4513211e-18  1.0504231e-19  2.1702645e-19  1.1001900e-18
  1.3000000e+00  4.0661079e-01  6.5057725e-01  9.7586584e-01
  3.2538321e-02  1.7000000e-01  1.2992222e+00  7.1632564e-01
 -1.5700001e+00  3.4805104e-01 -1.6316338e-01  1.0126209e+00
  1.0126209e+00  1.2733204e+00  1.2733204e+00  1.4810426e+00
  1.4810426e+00  1.3942968e+00  1.3942968e+00  1.3000000e+00
  8.1151552e-02  1.2984249e-01  1.9476372e-01]
[ 0.0000000e+00  0.0000000e+00  0.0000000e+00  0.0000000e+00
  0.0000000e+00  0.0000000e+00  0.0000000e+00  0.0000000e+00
  0.0000000e+00  0.0000000e+00  0.0000000e+00  0.0000000e+00
  0.0000000e+00  1.0038049e+00 -1.6986793e-01  2.6173893e-01
 -1.7150272e-01 -1.5700001e+00 -4.7099999e-01  3.5870445e-01
  2.6326556e-19  2.5613385e-18  1.8248326e-18  3.0852356e-18
  4.4513211e-18  1.0504231e-19  2.1702645e-19  1.1001900e-18
  1.3000000e+00  4.0661079e-01  6.5057725e-01  9.7586584e-01
  3.2514106e-02  1.7000000e-01  1.2992222e+00  7.1633291e-01
 -1.5700001e+00  3.4805107e-01 -1.6308005e-01  1.0126209e+00
  1.0126209e+00  1.2733204e+00  1.2733204e+00  1.4810523e+00
  1.4810523e+00  1.3942970e+00  1.3942970e+00  1.3000000e+00
  8.1151560e-02  1.2984249e-01  1.9476373e-01]
[ 0.0000000e+00  0.0000000e+00  0.0000000e+00  0.0000000e+00
  0.0000000e+00  0.0000000e+00  0.0000000e+00  0.0000000e+00
  0.0000000e+00  0.0000000e+00  0.0000000e+00  0.0000000e+00
  0.0000000e+00  1.0038049e+00 -1.6986793e-01  2.6173893e-01
 -1.7150272e-01 -1.5700001e+00 -4.7099999e-01  3.5870445e-01
  2.6326556e-19  2.5613385e-18  1.8248326e-18  3.0852356e-18
  4.4513211e-18  1.0504231e-19  2.1702645e-19  1.1001900e-18
  1.3000000e+00  4.0661079e-01  6.5057725e-01  9.7586584e-01
  3.2492232e-02  1.7000000e-01  1.2992221e+00  7.1633947e-01
 -1.5700001e+00  3.4805107e-01 -1.6300476e-01  1.0126208e+00
  1.0126208e+00  1.2733203e+00  1.2733203e+00  1.4810613e+00
  1.4810613e+00  1.3942971e+00  1.3942971e+00  1.3000000e+00
  8.1151545e-02  1.2984248e-01  1.9476372e-01]
[ 0.0000000e+00  0.0000000e+00  0.0000000e+00  0.0000000e+00
  0.0000000e+00  0.0000000e+00  0.0000000e+00  0.0000000e+00
  0.0000000e+00  0.0000000e+00  0.0000000e+00  0.0000000e+00
  0.0000000e+00  1.0038049e+00 -1.6986793e-01  2.6173893e-01
 -1.7150272e-01 -1.5700001e+00 -4.7099999e-01  3.5870445e-01
  2.6326556e-19  2.5613385e-18  1.8248326e-18  3.0852356e-18
  4.4513211e-18  1.0504231e-19  2.1702645e-19  1.1001900e-18
  1.3000000e+00  4.0661079e-01  6.5057725e-01  9.7586584e-01
  3.2472465e-02  1.7000000e-01  1.2992221e+00  7.1634537e-01
 -1.5700001e+00  3.4805107e-01 -1.6293673e-01  1.0126209e+00
  1.0126209e+00  1.2733203e+00  1.2733203e+00  1.4810697e+00
  1.4810697e+00  1.3942972e+00  1.3942972e+00  1.3000000e+00
  8.1151552e-02  1.2984249e-01  1.9476373e-01]
[ 0.0000000e+00  0.0000000e+00  0.0000000e+00  0.0000000e+00
  0.0000000e+00  0.0000000e+00  0.0000000e+00  0.0000000e+00
  0.0000000e+00  0.0000000e+00  0.0000000e+00  0.0000000e+00
  0.0000000e+00  1.0038049e+00 -1.6986793e-01  2.6173893e-01
 -1.7150272e-01 -1.5700001e+00 -4.7099999e-01  3.5870445e-01
  2.6326556e-19  2.5613385e-18  1.8248326e-18  3.0852356e-18
  4.4513211e-18  1.0504231e-19  2.1702645e-19  1.1001900e-18
  1.3000000e+00  4.0661079e-01  6.5057725e-01  9.7586584e-01
  3.2454602e-02  1.7000000e-01  1.2992221e+00  7.1635073e-01
 -1.5700001e+00  3.4805107e-01 -1.6287528e-01  1.0126208e+00
  1.0126208e+00  1.2733204e+00  1.2733204e+00  1.4810764e+00
  1.4810764e+00  1.3942974e+00  1.3942974e+00  1.3000000e+00
  8.1151545e-02  1.2984248e-01  1.9476371e-01]
[ 0.0000000e+00  0.0000000e+00  0.0000000e+00  0.0000000e+00
  0.0000000e+00  0.0000000e+00  0.0000000e+00  0.0000000e+00
  0.0000000e+00  0.0000000e+00  0.0000000e+00  0.0000000e+00
  0.0000000e+00  1.0038049e+00 -1.6986793e-01  2.6173893e-01
 -1.7150272e-01 -1.5700001e+00 -4.7099999e-01  3.5870442e-01
  2.6326556e-19  2.5613385e-18  1.8248326e-18  3.0852356e-18
  4.4513211e-18  1.0504231e-19  2.1702645e-19  1.1001900e-18
  1.3000000e+00  4.0661079e-01  6.5057725e-01  9.7586584e-01
  3.2438468e-02  1.7000000e-01  1.2992221e+00  7.1635556e-01
 -1.5700001e+00  3.4805107e-01 -1.6281976e-01  1.0126208e+00
  1.0126208e+00  1.2733204e+00  1.2733204e+00  1.4810836e+00
  1.4810836e+00  1.3942974e+00  1.3942974e+00  1.3000000e+00
  8.1151552e-02  1.2984249e-01  1.9476372e-01]
[ 0.0000000e+00  0.0000000e+00  0.0000000e+00  0.0000000e+00
  0.0000000e+00  0.0000000e+00  0.0000000e+00  0.0000000e+00
  0.0000000e+00  0.0000000e+00  0.0000000e+00  0.0000000e+00
  0.0000000e+00  1.0038049e+00 -1.6986793e-01  2.6173893e-01
 -1.7150272e-01 -1.5700001e+00 -4.7099999e-01  3.5870442e-01
  2.6326556e-19  2.5613385e-18  1.8248326e-18  3.0852356e-18
  4.4513211e-18  1.0504231e-19  2.1702645e-19  1.1001900e-18
  1.3000000e+00  4.0661079e-01  6.5057725e-01  9.7586584e-01
  3.2423887e-02  1.7000000e-01  1.2992221e+00  7.1635991e-01
 -1.5700001e+00  3.4805110e-01 -1.6276960e-01  1.0126208e+00
  1.0126208e+00  1.2733204e+00  1.2733204e+00  1.4810904e+00
  1.4810904e+00  1.3942975e+00  1.3942975e+00  1.3000000e+00
  8.1151545e-02  1.2984248e-01  1.9476371e-01]
[ 0.0000000e+00  0.0000000e+00  0.0000000e+00  0.0000000e+00
  0.0000000e+00  0.0000000e+00  0.0000000e+00  0.0000000e+00
  0.0000000e+00  0.0000000e+00  0.0000000e+00  0.0000000e+00
  0.0000000e+00  1.0038049e+00 -1.6986793e-01  2.6173893e-01
 -1.7150272e-01 -1.5700001e+00 -4.7099999e-01  3.5870442e-01
  2.6326556e-19  2.5613385e-18  1.8248326e-18  3.0852356e-18
  4.4513211e-18  1.0504231e-19  2.1702645e-19  1.1001900e-18
  1.3000000e+00  4.0661079e-01  6.5057725e-01  9.7586584e-01
  3.2410715e-02  1.7000000e-01  1.2992221e+00  7.1636385e-01
 -1.5700001e+00  3.4805110e-01 -1.6272429e-01  1.0126208e+00
  1.0126208e+00  1.2733204e+00  1.2733204e+00  1.4810967e+00
  1.4810967e+00  1.3942976e+00  1.3942976e+00  1.3000000e+00
  8.1151552e-02  1.2984248e-01  1.9476372e-01]
[ 0.0000000e+00  0.0000000e+00  0.0000000e+00  0.0000000e+00
  0.0000000e+00  0.0000000e+00  0.0000000e+00  0.0000000e+00
  0.0000000e+00  0.0000000e+00  0.0000000e+00  0.0000000e+00
  0.0000000e+00  1.0038049e+00 -1.6986793e-01  2.6173893e-01
 -1.7150272e-01 -1.5700001e+00 -4.7099999e-01  3.5870442e-01
  2.6326556e-19  2.5613385e-18  1.8248326e-18  3.0852356e-18
  4.4513211e-18  1.0504231e-19  2.1702645e-19  1.1001900e-18
  1.3000000e+00  4.0661079e-01  6.5057725e-01  9.7586584e-01
  3.2398812e-02  1.7000000e-01  1.2992221e+00  7.1636742e-01
 -1.5700001e+00  3.4805110e-01 -1.6268335e-01  1.0126209e+00
  1.0126209e+00  1.2733204e+00  1.2733204e+00  1.4811026e+00
  1.4811026e+00  1.3942976e+00  1.3942976e+00  1.3000000e+00
  8.1151552e-02  1.2984249e-01  1.9476373e-01]
[ 0.0000000e+00  0.0000000e+00  0.0000000e+00  0.0000000e+00
  0.0000000e+00  0.0000000e+00  0.0000000e+00  0.0000000e+00
  0.0000000e+00  0.0000000e+00  0.0000000e+00  0.0000000e+00
  0.0000000e+00  1.0038049e+00 -1.6986793e-01  2.6173893e-01
 -1.7150272e-01 -1.5700001e+00 -4.7099999e-01  3.5870442e-01
  2.6326556e-19  2.5613385e-18  1.8248326e-18  3.0852356e-18
  4.4513211e-18  1.0504231e-19  2.1702645e-19  1.1001900e-18
  1.3000000e+00  4.0661079e-01  6.5057725e-01  9.7586584e-01
  3.2388061e-02  1.7000000e-01  1.2992221e+00  7.1637064e-01
 -1.5700001e+00  3.4805110e-01 -1.6264637e-01  1.0126208e+00
  1.0126208e+00  1.2733204e+00  1.2733204e+00  1.4811074e+00
  1.4811074e+00  1.3942976e+00  1.3942976e+00  1.3000000e+00
  8.1151545e-02  1.2984248e-01  1.9476372e-01]
[ 0.0000000e+00  0.0000000e+00  0.0000000e+00  0.0000000e+00
  0.0000000e+00  0.0000000e+00  0.0000000e+00  0.0000000e+00
  0.0000000e+00  0.0000000e+00  0.0000000e+00  0.0000000e+00
  0.0000000e+00  1.0038049e+00 -1.6986793e-01  2.6173893e-01
 -1.7150272e-01 -1.5700001e+00 -4.7099999e-01  3.5870442e-01
  2.6326556e-19  2.5613385e-18  1.8248326e-18  3.0852356e-18
  4.4513211e-18  1.0504231e-19  2.1702645e-19  1.1001900e-18
  1.3000000e+00  4.0661079e-01  6.5057725e-01  9.7586584e-01
  3.2378346e-02  1.7000000e-01  1.2992221e+00  7.1637356e-01
 -1.5700001e+00  3.4805110e-01 -1.6261294e-01  1.0126208e+00
  1.0126208e+00  1.2733203e+00  1.2733203e+00  1.4811118e+00
  1.4811118e+00  1.3942977e+00  1.3942977e+00  1.3000000e+00
  8.1151552e-02  1.2984249e-01  1.9476373e-01]
[ 0.0000000e+00  0.0000000e+00  0.0000000e+00  0.0000000e+00
  0.0000000e+00  0.0000000e+00  0.0000000e+00  0.0000000e+00
  0.0000000e+00  0.0000000e+00  0.0000000e+00  0.0000000e+00
  0.0000000e+00  1.0038049e+00 -1.6986793e-01  2.6173893e-01
 -1.7150272e-01 -1.5700001e+00 -4.7099999e-01  3.5870442e-01
  2.6326556e-19  2.5613385e-18  1.8248326e-18  3.0852356e-18
  4.4513211e-18  1.0504231e-19  2.1702645e-19  1.1001900e-18
  1.3000000e+00  4.0661079e-01  6.5057725e-01  9.7586584e-01
  3.2369569e-02  1.7000000e-01  1.2992221e+00  7.1637619e-01
 -1.5700001e+00  3.4805110e-01 -1.6258277e-01  1.0126208e+00
  1.0126208e+00  1.2733203e+00  1.2733203e+00  1.4811165e+00
  1.4811165e+00  1.3942977e+00  1.3942977e+00  1.3000000e+00
  8.1151545e-02  1.2984248e-01  1.9476371e-01]
[ 0.0000000e+00  0.0000000e+00  0.0000000e+00  0.0000000e+00
  0.0000000e+00  0.0000000e+00  0.0000000e+00  0.0000000e+00
  0.0000000e+00  0.0000000e+00  0.0000000e+00  0.0000000e+00
  0.0000000e+00  1.0038049e+00 -1.6986793e-01  2.6173893e-01
 -1.7150272e-01 -1.5700001e+00 -4.7099999e-01  3.5870442e-01
  2.6326556e-19  2.5613385e-18  1.8248326e-18  3.0852356e-18
  4.4513211e-18  1.0504231e-19  2.1702645e-19  1.1001900e-18
  1.3000000e+00  4.0661079e-01  6.5057725e-01  9.7586584e-01
  3.2361638e-02  1.7000000e-01  1.2992221e+00  7.1637857e-01
 -1.5700001e+00  3.4805110e-01 -1.6255549e-01  1.0126208e+00
  1.0126208e+00  1.2733203e+00  1.2733203e+00  1.4811209e+00
  1.4811209e+00  1.3942978e+00  1.3942978e+00  1.3000000e+00
  8.1151552e-02  1.2984249e-01  1.9476373e-01]
[ 0.0000000e+00  0.0000000e+00  0.0000000e+00  0.0000000e+00
  0.0000000e+00  0.0000000e+00  0.0000000e+00  0.0000000e+00
  0.0000000e+00  0.0000000e+00  0.0000000e+00  0.0000000e+00
  0.0000000e+00  1.0038049e+00 -1.6986793e-01  2.6173893e-01
 -1.7150272e-01 -1.5700001e+00 -4.7099999e-01  3.5870442e-01
  2.6326556e-19  2.5613385e-18  1.8248326e-18  3.0852356e-18
  4.4513211e-18  1.0504231e-19  2.1702645e-19  1.1001900e-18
  1.3000000e+00  4.0661079e-01  6.5057725e-01  9.7586584e-01
  3.2354474e-02  1.7000000e-01  1.2992221e+00  7.1638072e-01
 -1.5700001e+00  3.4805110e-01 -1.6253085e-01  1.0126208e+00
  1.0126208e+00  1.2733203e+00  1.2733203e+00  1.4811250e+00
  1.4811250e+00  1.3942978e+00  1.3942978e+00  1.3000000e+00
  8.1151545e-02  1.2984248e-01  1.9476371e-01]
[ 0.0000000e+00  0.0000000e+00  0.0000000e+00  0.0000000e+00
  0.0000000e+00  0.0000000e+00  0.0000000e+00  0.0000000e+00
  0.0000000e+00  0.0000000e+00  0.0000000e+00  0.0000000e+00
  0.0000000e+00  1.0038049e+00 -1.6986793e-01  2.6173893e-01
 -1.7150272e-01 -1.5700001e+00 -4.7099999e-01  3.5870442e-01
  2.6326556e-19  2.5613385e-18  1.8248326e-18  3.0852356e-18
  4.4513211e-18  1.0504231e-19  2.1702645e-19  1.1001900e-18
  1.3000000e+00  4.0661079e-01  6.5057725e-01  9.7586584e-01
  3.2348000e-02  1.7000000e-01  1.2992221e+00  7.1638262e-01
 -1.5700001e+00  3.4805113e-01 -1.6250859e-01  1.0126208e+00
  1.0126208e+00  1.2733204e+00  1.2733204e+00  1.4811288e+00
  1.4811288e+00  1.3942978e+00  1.3942978e+00  1.3000000e+00
  8.1151552e-02  1.2984248e-01  1.9476372e-01]
[ 0.0000000e+00  0.0000000e+00  0.0000000e+00  0.0000000e+00
  0.0000000e+00  0.0000000e+00  0.0000000e+00  0.0000000e+00
  0.0000000e+00  0.0000000e+00  0.0000000e+00  0.0000000e+00
  0.0000000e+00  1.0038049e+00 -1.6986793e-01  2.6173893e-01
 -1.7150272e-01 -1.5700001e+00 -4.7099999e-01  3.5870442e-01
  2.6326556e-19  2.5613385e-18  1.8248326e-18  3.0852356e-18
  4.4513211e-18  1.0504231e-19  2.1702645e-19  1.1001900e-18
  1.3000000e+00  4.0661079e-01  6.5057725e-01  9.7586584e-01
  3.2342155e-02  1.7000000e-01  1.2992221e+00  7.1638435e-01
 -1.5700001e+00  3.4805113e-01 -1.6248848e-01  1.0126209e+00
  1.0126209e+00  1.2733204e+00  1.2733204e+00  1.4811320e+00
  1.4811320e+00  1.3942978e+00  1.3942978e+00  1.3000000e+00
  8.1151552e-02  1.2984249e-01  1.9476373e-01]
[ 0.0000000e+00  0.0000000e+00  0.0000000e+00  0.0000000e+00
  0.0000000e+00  0.0000000e+00  0.0000000e+00  0.0000000e+00
  0.0000000e+00  0.0000000e+00  0.0000000e+00  0.0000000e+00
  0.0000000e+00  1.0038049e+00 -1.6986793e-01  2.6173893e-01
 -1.7150272e-01 -1.5700001e+00 -4.7099999e-01  3.5870442e-01
  2.6326556e-19  2.5613385e-18  1.8248326e-18  3.0852356e-18
  4.4513211e-18  1.0504231e-19  2.1702645e-19  1.1001900e-18
  1.3000000e+00  4.0661079e-01  6.5057725e-01  9.7586584e-01
  3.2336868e-02  1.7000000e-01  1.2992221e+00  7.1638596e-01
 -1.5700001e+00  3.4805113e-01 -1.6247031e-01  1.0126208e+00
  1.0126208e+00  1.2733204e+00  1.2733204e+00  1.4811333e+00
  1.4811333e+00  1.3942978e+00  1.3942978e+00  1.3000000e+00
  8.1151552e-02  1.2984249e-01  1.9476372e-01]
[ 0.0000000e+00  0.0000000e+00  0.0000000e+00  0.0000000e+00
  0.0000000e+00  0.0000000e+00  0.0000000e+00  0.0000000e+00
  0.0000000e+00  0.0000000e+00  0.0000000e+00  0.0000000e+00
  0.0000000e+00  1.0038049e+00 -1.6986793e-01  2.6173893e-01
 -1.7150272e-01 -1.5700001e+00 -4.7099999e-01  3.5870442e-01
  2.6326556e-19  2.5613385e-18  1.8248326e-18  3.0852356e-18
  4.4513211e-18  1.0504231e-19  2.1702645e-19  1.1001900e-18
  1.3000000e+00  4.0661079e-01  6.5057725e-01  9.7586584e-01
  3.2332096e-02  1.7000000e-01  1.2992221e+00  7.1638739e-01
 -1.5700001e+00  3.4805113e-01 -1.6245390e-01  1.0126209e+00
  1.0126209e+00  1.2733203e+00  1.2733203e+00  1.4811366e+00
  1.4811366e+00  1.3942980e+00  1.3942980e+00  1.3000000e+00
  8.1151552e-02  1.2984249e-01  1.9476373e-01]
[ 0.0000000e+00  0.0000000e+00  0.0000000e+00  0.0000000e+00
  0.0000000e+00  0.0000000e+00  0.0000000e+00  0.0000000e+00
  0.0000000e+00  0.0000000e+00  0.0000000e+00  0.0000000e+00
  0.0000000e+00  1.0038049e+00 -1.6986793e-01  2.6173893e-01
 -1.7150272e-01 -1.5700001e+00 -4.7099999e-01  3.5870442e-01
  2.6326556e-19  2.5613385e-18  1.8248326e-18  3.0852356e-18
  4.4513211e-18  1.0504231e-19  2.1702645e-19  1.1001900e-18
  1.3000000e+00  4.0661079e-01  6.5057725e-01  9.7586584e-01
  3.2327782e-02  1.7000000e-01  1.2992221e+00  7.1638870e-01
 -1.5700001e+00  3.4805113e-01 -1.6243906e-01  1.0126208e+00
  1.0126208e+00  1.2733204e+00  1.2733204e+00  1.4811391e+00
  1.4811391e+00  1.3942980e+00  1.3942980e+00  1.3000000e+00
  8.1151545e-02  1.2984248e-01  1.9476371e-01]
[ 0.0000000e+00  0.0000000e+00  0.0000000e+00  0.0000000e+00
  0.0000000e+00  0.0000000e+00  0.0000000e+00  0.0000000e+00
  0.0000000e+00  0.0000000e+00  0.0000000e+00  0.0000000e+00
  0.0000000e+00  1.0038049e+00 -1.6986793e-01  2.6173893e-01
 -1.7150272e-01 -1.5700001e+00 -4.7099999e-01  3.5870442e-01
  2.6326556e-19  2.5613385e-18  1.8248326e-18  3.0852356e-18
  4.4513211e-18  1.0504231e-19  2.1702645e-19  1.1001900e-18
  1.3000000e+00  4.0661079e-01  6.5057725e-01  9.7586584e-01
  3.2323886e-02  1.7000000e-01  1.2992221e+00  7.1638983e-01
 -1.5700001e+00  3.4805113e-01 -1.6242567e-01  1.0126209e+00
  1.0126209e+00  1.2733204e+00  1.2733204e+00  1.4811419e+00
  1.4811419e+00  1.3942980e+00  1.3942980e+00  1.3000000e+00
  8.1151552e-02  1.2984249e-01  1.9476372e-01]
[ 0.0000000e+00  0.0000000e+00  0.0000000e+00  0.0000000e+00
  0.0000000e+00  0.0000000e+00  0.0000000e+00  0.0000000e+00
  0.0000000e+00  0.0000000e+00  0.0000000e+00  0.0000000e+00
  0.0000000e+00  1.0038049e+00 -1.6986793e-01  2.6173893e-01
 -1.7150272e-01 -1.5700001e+00 -4.7099999e-01  3.5870442e-01
  2.6326556e-19  2.5613385e-18  1.8248326e-18  3.0852356e-18
  4.4513211e-18  1.0504231e-19  2.1702645e-19  1.1001900e-18
  1.3000000e+00  4.0661079e-01  6.5057725e-01  9.7586584e-01
  3.2320369e-02  1.7000000e-01  1.2992221e+00  7.1639091e-01
 -1.5700001e+00  3.4805113e-01 -1.6241357e-01  1.0126209e+00
  1.0126209e+00  1.2733204e+00  1.2733204e+00  1.4811444e+00
  1.4811444e+00  1.3942980e+00  1.3942980e+00  1.3000000e+00
  8.1151552e-02  1.2984249e-01  1.9476373e-01]
[ 0.0000000e+00  0.0000000e+00  0.0000000e+00  0.0000000e+00
  0.0000000e+00  0.0000000e+00  0.0000000e+00  0.0000000e+00
  0.0000000e+00  0.0000000e+00  0.0000000e+00  0.0000000e+00
  0.0000000e+00  1.0038049e+00 -1.6986793e-01  2.6173893e-01
 -1.7150272e-01 -1.5700001e+00 -4.7099999e-01  3.5870442e-01
  2.6326556e-19  2.5613385e-18  1.8248326e-18  3.0852356e-18
  4.4513211e-18  1.0504231e-19  2.1702645e-19  1.1001900e-18
  1.3000000e+00  4.0661079e-01  6.5057725e-01  9.7586584e-01
  3.2317188e-02  1.7000000e-01  1.2992221e+00  7.1639186e-01
 -1.5700001e+00  3.4805113e-01 -1.6240263e-01  1.0126209e+00
  1.0126209e+00  1.2733204e+00  1.2733204e+00  1.4811445e+00
  1.4811445e+00  1.3942980e+00  1.3942980e+00  1.3000000e+00
  8.1151552e-02  1.2984249e-01  1.9476373e-01]
[ 0.0000000e+00  0.0000000e+00  0.0000000e+00  0.0000000e+00
  0.0000000e+00  0.0000000e+00  0.0000000e+00  0.0000000e+00
  0.0000000e+00  0.0000000e+00  0.0000000e+00  0.0000000e+00
  0.0000000e+00  1.0038049e+00 -1.6986793e-01  2.6173893e-01
 -1.7150272e-01 -1.5700001e+00 -4.7099999e-01  3.5870442e-01
  2.6326556e-19  2.5613385e-18  1.8248326e-18  3.0852356e-18
  4.4513211e-18  1.0504231e-19  2.1702645e-19  1.1001900e-18
  1.3000000e+00  4.0661079e-01  6.5057725e-01  9.7586584e-01
  3.2314315e-02  1.7000000e-01  1.2992221e+00  7.1639270e-01
 -1.5700001e+00  3.4805113e-01 -1.6239275e-01  1.0126209e+00
  1.0126209e+00  1.2733204e+00  1.2733204e+00  1.4811447e+00
  1.4811447e+00  1.3942980e+00  1.3942980e+00  1.3000000e+00
  8.1151552e-02  1.2984249e-01  1.9476373e-01]
[ 0.0000000e+00  0.0000000e+00  0.0000000e+00  0.0000000e+00
  0.0000000e+00  0.0000000e+00  0.0000000e+00  0.0000000e+00
  0.0000000e+00  0.0000000e+00  0.0000000e+00  0.0000000e+00
  0.0000000e+00  1.0038049e+00 -1.6986793e-01  2.6173893e-01
 -1.7150272e-01 -1.5700001e+00 -4.7099999e-01  3.5870442e-01
  2.6326556e-19  2.5613385e-18  1.8248326e-18  3.0852356e-18
  4.4513211e-18  1.0504231e-19  2.1702645e-19  1.1001900e-18
  1.3000000e+00  4.0661079e-01  6.5057725e-01  9.7586584e-01
  3.2311719e-02  1.7000000e-01  1.2992221e+00  7.1639347e-01
 -1.5700001e+00  3.4805113e-01 -1.6238382e-01  1.0126209e+00
  1.0126209e+00  1.2733204e+00  1.2733204e+00  1.4811448e+00
  1.4811448e+00  1.3942980e+00  1.3942980e+00  1.3000000e+00
  8.1151552e-02  1.2984249e-01  1.9476373e-01]
[ 0.0000000e+00  0.0000000e+00  0.0000000e+00  0.0000000e+00
  0.0000000e+00  0.0000000e+00  0.0000000e+00  0.0000000e+00
  0.0000000e+00  0.0000000e+00  0.0000000e+00  0.0000000e+00
  0.0000000e+00  1.0038049e+00 -1.6986793e-01  2.6173893e-01
 -1.7150272e-01 -1.5700001e+00 -4.7099999e-01  3.5870442e-01
  2.6326556e-19  2.5613385e-18  1.8248326e-18  3.0852356e-18
  4.4513211e-18  1.0504231e-19  2.1702645e-19  1.1001900e-18
  1.3000000e+00  4.0661079e-01  6.5057725e-01  9.7586584e-01
  3.2309372e-02  1.7000000e-01  1.2992221e+00  7.1639419e-01
 -1.5700001e+00  3.4805113e-01 -1.6237576e-01  1.0126209e+00
  1.0126209e+00  1.2733204e+00  1.2733204e+00  1.4811449e+00
  1.4811449e+00  1.3942980e+00  1.3942980e+00  1.3000000e+00
  8.1151552e-02  1.2984249e-01  1.9476373e-01]
[ 0.0000000e+00  0.0000000e+00  0.0000000e+00  0.0000000e+00
  0.0000000e+00  0.0000000e+00  0.0000000e+00  0.0000000e+00
  0.0000000e+00  0.0000000e+00  0.0000000e+00  0.0000000e+00
  0.0000000e+00  1.0038049e+00 -1.6986793e-01  2.6173893e-01
 -1.7150272e-01 -1.5700001e+00 -4.7099999e-01  3.5870442e-01
  2.6326556e-19  2.5613385e-18  1.8248326e-18  3.0852356e-18
  4.4513211e-18  1.0504231e-19  2.1702645e-19  1.1001900e-18
  1.3000000e+00  4.0661079e-01  6.5057725e-01  9.7586584e-01
  3.2307252e-02  1.7000000e-01  1.2992221e+00  7.1639478e-01
 -1.5700001e+00  3.4805113e-01 -1.6236848e-01  1.0126209e+00
  1.0126209e+00  1.2733204e+00  1.2733204e+00  1.4811449e+00
  1.4811449e+00  1.3942980e+00  1.3942980e+00  1.3000000e+00
  8.1151552e-02  1.2984249e-01  1.9476373e-01]
[ 0.0000000e+00  0.0000000e+00  0.0000000e+00  0.0000000e+00
  0.0000000e+00  0.0000000e+00  0.0000000e+00  0.0000000e+00
  0.0000000e+00  0.0000000e+00  0.0000000e+00  0.0000000e+00
  0.0000000e+00  1.0038049e+00 -1.6986793e-01  2.6173893e-01
 -1.7150272e-01 -1.5700001e+00 -4.7099999e-01  3.5870442e-01
  2.6326556e-19  2.5613385e-18  1.8248326e-18  3.0852356e-18
  4.4513211e-18  1.0504231e-19  2.1702645e-19  1.1001900e-18
  1.3000000e+00  4.0661079e-01  6.5057725e-01  9.7586584e-01
  3.2305341e-02  1.7000000e-01  1.2992221e+00  7.1639538e-01
 -1.5700001e+00  3.4805113e-01 -1.6236190e-01  1.0126209e+00
  1.0126209e+00  1.2733204e+00  1.2733204e+00  1.4811450e+00
  1.4811450e+00  1.3942980e+00  1.3942980e+00  1.3000000e+00
  8.1151552e-02  1.2984249e-01  1.9476373e-01]
[ 0.0000000e+00  0.0000000e+00  0.0000000e+00  0.0000000e+00
  0.0000000e+00  0.0000000e+00  0.0000000e+00  0.0000000e+00
  0.0000000e+00  0.0000000e+00  0.0000000e+00  0.0000000e+00
  0.0000000e+00  1.0038049e+00 -1.6986793e-01  2.6173893e-01
 -1.7150272e-01 -1.5700001e+00 -4.7099999e-01  3.5870442e-01
  2.6326556e-19  2.5613385e-18  1.8248326e-18  3.0852356e-18
  4.4513211e-18  1.0504231e-19  2.1702645e-19  1.1001900e-18
  1.3000000e+00  4.0661079e-01  6.5057725e-01  9.7586584e-01
  3.2303609e-02  1.7000000e-01  1.2992221e+00  7.1639591e-01
 -1.5700001e+00  3.4805113e-01 -1.6235596e-01  1.0126208e+00
  1.0126208e+00  1.2733203e+00  1.2733203e+00  1.4811457e+00
  1.4811457e+00  1.3942980e+00  1.3942980e+00  1.3000000e+00
  8.1151552e-02  1.2984248e-01  1.9476372e-01]
[ 0.0000000e+00  0.0000000e+00  0.0000000e+00  0.0000000e+00
  0.0000000e+00  0.0000000e+00  0.0000000e+00  0.0000000e+00
  0.0000000e+00  0.0000000e+00  0.0000000e+00  0.0000000e+00
  0.0000000e+00  1.0038049e+00 -1.6986793e-01  2.6173893e-01
 -1.7150272e-01 -1.5700001e+00 -4.7099999e-01  3.5870442e-01
  2.6326556e-19  2.5613385e-18  1.8248326e-18  3.0852356e-18
  4.4513211e-18  1.0504231e-19  2.1702645e-19  1.1001900e-18
  1.3000000e+00  4.0661079e-01  6.5057725e-01  9.7586584e-01
  3.2302048e-02  1.7000000e-01  1.2992221e+00  7.1639639e-01
 -1.5700001e+00  3.4805113e-01 -1.6235058e-01  1.0126208e+00
  1.0126208e+00  1.2733203e+00  1.2733203e+00  1.4811480e+00
  1.4811480e+00  1.3942980e+00  1.3942980e+00  1.3000000e+00
  8.1151545e-02  1.2984248e-01  1.9476371e-01]
[ 0.0000000e+00  0.0000000e+00  0.0000000e+00  0.0000000e+00
  0.0000000e+00  0.0000000e+00  0.0000000e+00  0.0000000e+00
  0.0000000e+00  0.0000000e+00  0.0000000e+00  0.0000000e+00
  0.0000000e+00  1.0038049e+00 -1.6986793e-01  2.6173893e-01
 -1.7150272e-01 -1.5700001e+00 -4.7099999e-01  3.5870442e-01
  2.6326556e-19  2.5613385e-18  1.8248326e-18  3.0852356e-18
  4.4513211e-18  1.0504231e-19  2.1702645e-19  1.1001900e-18
  1.3000000e+00  4.0661079e-01  6.5057725e-01  9.7586584e-01
  3.2300636e-02  1.7000000e-01  1.2992221e+00  7.1639681e-01
 -1.5700001e+00  3.4805113e-01 -1.6234572e-01  1.0126208e+00
  1.0126208e+00  1.2733203e+00  1.2733203e+00  1.4811502e+00
  1.4811502e+00  1.3942980e+00  1.3942980e+00  1.3000000e+00
  8.1151552e-02  1.2984249e-01  1.9476373e-01]
[ 0.0000000e+00  0.0000000e+00  0.0000000e+00  0.0000000e+00
  0.0000000e+00  0.0000000e+00  0.0000000e+00  0.0000000e+00
  0.0000000e+00  0.0000000e+00  0.0000000e+00  0.0000000e+00
  0.0000000e+00  1.0038049e+00 -1.6986793e-01  2.6173893e-01
 -1.7150272e-01 -1.5700001e+00 -4.7099999e-01  3.5870442e-01
  2.6326556e-19  2.5613385e-18  1.8248326e-18  3.0852356e-18
  4.4513211e-18  1.0504231e-19  2.1702645e-19  1.1001900e-18
  1.3000000e+00  4.0661079e-01  6.5057725e-01  9.7586584e-01
  3.2299362e-02  1.7000000e-01  1.2992221e+00  7.1639717e-01
 -1.5700001e+00  3.4805113e-01 -1.6234134e-01  1.0126209e+00
  1.0126209e+00  1.2733203e+00  1.2733203e+00  1.4811522e+00
  1.4811522e+00  1.3942980e+00  1.3942980e+00  1.3000000e+00
  8.1151560e-02  1.2984249e-01  1.9476373e-01]
[ 0.0000000e+00  0.0000000e+00  0.0000000e+00  0.0000000e+00
  0.0000000e+00  0.0000000e+00  0.0000000e+00  0.0000000e+00
  0.0000000e+00  0.0000000e+00  0.0000000e+00  0.0000000e+00
  0.0000000e+00  1.0038049e+00 -1.6986793e-01  2.6173893e-01
 -1.7150272e-01 -1.5700001e+00 -4.7099999e-01  3.5870442e-01
  2.6326556e-19  2.5613385e-18  1.8248326e-18  3.0852356e-18
  4.4513211e-18  1.0504231e-19  2.1702645e-19  1.1001900e-18
  1.3000000e+00  4.0661079e-01  6.5057725e-01  9.7586584e-01
  3.2298211e-02  1.7000000e-01  1.2992221e+00  7.1639752e-01
 -1.5700001e+00  3.4805113e-01 -1.6233738e-01  1.0126209e+00
  1.0126209e+00  1.2733203e+00  1.2733203e+00  1.4811527e+00
  1.4811527e+00  1.3942980e+00  1.3942980e+00  1.3000000e+00
  8.1151552e-02  1.2984249e-01  1.9476373e-01]
[ 0.0000000e+00  0.0000000e+00  0.0000000e+00  0.0000000e+00
  0.0000000e+00  0.0000000e+00  0.0000000e+00  0.0000000e+00
  0.0000000e+00  0.0000000e+00  0.0000000e+00  0.0000000e+00
  0.0000000e+00  1.0038049e+00 -1.6986793e-01  2.6173893e-01
 -1.7150272e-01 -1.5700001e+00 -4.7099999e-01  3.5870442e-01
  2.6326556e-19  2.5613385e-18  1.8248326e-18  3.0852356e-18
  4.4513211e-18  1.0504231e-19  2.1702645e-19  1.1001900e-18
  1.3000000e+00  4.0661079e-01  6.5057725e-01  9.7586584e-01
  3.2297168e-02  1.7000000e-01  1.2992221e+00  7.1639782e-01
 -1.5700001e+00  3.4805113e-01 -1.6233380e-01  1.0126209e+00
  1.0126209e+00  1.2733203e+00  1.2733203e+00  1.4811527e+00
  1.4811527e+00  1.3942980e+00  1.3942980e+00  1.3000000e+00
  8.1151552e-02  1.2984249e-01  1.9476373e-01]
[ 0.0000000e+00  0.0000000e+00  0.0000000e+00  0.0000000e+00
  0.0000000e+00  0.0000000e+00  0.0000000e+00  0.0000000e+00
  0.0000000e+00  0.0000000e+00  0.0000000e+00  0.0000000e+00
  0.0000000e+00  1.0038049e+00 -1.6986793e-01  2.6173893e-01
 -1.7150272e-01 -1.5700001e+00 -4.7099999e-01  3.5870442e-01
  2.6326556e-19  2.5613385e-18  1.8248326e-18  3.0852356e-18
  4.4513211e-18  1.0504231e-19  2.1702645e-19  1.1001900e-18
  1.3000000e+00  4.0661079e-01  6.5057725e-01  9.7586584e-01
  3.2296229e-02  1.7000000e-01  1.2992221e+00  7.1639812e-01
 -1.5700001e+00  3.4805113e-01 -1.6233057e-01  1.0126208e+00
  1.0126208e+00  1.2733204e+00  1.2733204e+00  1.4811530e+00
  1.4811530e+00  1.3942980e+00  1.3942980e+00  1.3000000e+00
  8.1151552e-02  1.2984248e-01  1.9476372e-01]
[ 0.0000000e+00  0.0000000e+00  0.0000000e+00  0.0000000e+00
  0.0000000e+00  0.0000000e+00  0.0000000e+00  0.0000000e+00
  0.0000000e+00  0.0000000e+00  0.0000000e+00  0.0000000e+00
  0.0000000e+00  1.0038049e+00 -1.6986793e-01  2.6173893e-01
 -1.7150272e-01 -1.5700001e+00 -4.7099999e-01  3.5870442e-01
  2.6326556e-19  2.5613385e-18  1.8248326e-18  3.0852356e-18
  4.4513211e-18  1.0504231e-19  2.1702645e-19  1.1001900e-18
  1.3000000e+00  4.0661079e-01  6.5057725e-01  9.7586584e-01
  3.2295380e-02  1.7000000e-01  1.2992221e+00  7.1639836e-01
 -1.5700001e+00  3.4805113e-01 -1.6232765e-01  1.0126209e+00
  1.0126209e+00  1.2733204e+00  1.2733204e+00  1.4811534e+00
  1.4811534e+00  1.3942980e+00  1.3942980e+00  1.3000000e+00
  8.1151552e-02  1.2984249e-01  1.9476372e-01]
[ 0.0000000e+00  0.0000000e+00  0.0000000e+00  0.0000000e+00
  0.0000000e+00  0.0000000e+00  0.0000000e+00  0.0000000e+00
  0.0000000e+00  0.0000000e+00  0.0000000e+00  0.0000000e+00
  0.0000000e+00  1.0038049e+00 -1.6986793e-01  2.6173893e-01
 -1.7150272e-01 -1.5700001e+00 -4.7099999e-01  3.5870442e-01
  2.6326556e-19  2.5613385e-18  1.8248326e-18  3.0852356e-18
  4.4513211e-18  1.0504231e-19  2.1702645e-19  1.1001900e-18
  1.3000000e+00  4.0661079e-01  6.5057725e-01  9.7586584e-01
  3.2294612e-02  1.7000000e-01  1.2992221e+00  7.1639860e-01
 -1.5700001e+00  3.4805113e-01 -1.6232501e-01  1.0126209e+00
  1.0126209e+00  1.2733204e+00  1.2733204e+00  1.4811550e+00
  1.4811550e+00  1.3942980e+00  1.3942980e+00  1.3000000e+00
  8.1151552e-02  1.2984248e-01  1.9476372e-01]
[ 0.0000000e+00  0.0000000e+00  0.0000000e+00  0.0000000e+00
  0.0000000e+00  0.0000000e+00  0.0000000e+00  0.0000000e+00
  0.0000000e+00  0.0000000e+00  0.0000000e+00  0.0000000e+00
  0.0000000e+00  1.0038049e+00 -1.6986793e-01  2.6173893e-01
 -1.7150272e-01 -1.5700001e+00 -4.7099999e-01  3.5870442e-01
  2.6326556e-19  2.5613385e-18  1.8248326e-18  3.0852356e-18
  4.4513211e-18  1.0504231e-19  2.1702645e-19  1.1001900e-18
  1.3000000e+00  4.0661079e-01  6.5057725e-01  9.7586584e-01
  3.2293919e-02  1.7000000e-01  1.2992221e+00  7.1639878e-01
 -1.5700001e+00  3.4805113e-01 -1.6232263e-01  1.0126208e+00
  1.0126208e+00  1.2733204e+00  1.2733204e+00  1.4811567e+00
  1.4811567e+00  1.3942980e+00  1.3942980e+00  1.3000000e+00
  8.1151545e-02  1.2984248e-01  1.9476371e-01]
[ 0.0000000e+00  0.0000000e+00  0.0000000e+00  0.0000000e+00
  0.0000000e+00  0.0000000e+00  0.0000000e+00  0.0000000e+00
  0.0000000e+00  0.0000000e+00  0.0000000e+00  0.0000000e+00
  0.0000000e+00  1.0038049e+00 -1.6986793e-01  2.6173893e-01
 -1.7150272e-01 -1.5700001e+00 -4.7099999e-01  3.5870442e-01
  2.6326556e-19  2.5613385e-18  1.8248326e-18  3.0852356e-18
  4.4513211e-18  1.0504231e-19  2.1702645e-19  1.1001900e-18
  1.3000000e+00  4.0661079e-01  6.5057725e-01  9.7586584e-01
  3.2293290e-02  1.7000000e-01  1.2992221e+00  7.1639895e-01
 -1.5700001e+00  3.4805113e-01 -1.6232048e-01  1.0126208e+00
  1.0126208e+00  1.2733204e+00  1.2733204e+00  1.4811569e+00
  1.4811569e+00  1.3942980e+00  1.3942980e+00  1.3000000e+00
  8.1151545e-02  1.2984248e-01  1.9476371e-01]
[ 0.0000000e+00  0.0000000e+00  0.0000000e+00  0.0000000e+00
  0.0000000e+00  0.0000000e+00  0.0000000e+00  0.0000000e+00
  0.0000000e+00  0.0000000e+00  0.0000000e+00  0.0000000e+00
  0.0000000e+00  1.0038049e+00 -1.6986793e-01  2.6173893e-01
 -1.7150272e-01 -1.5700001e+00 -4.7099999e-01  3.5870442e-01
  2.6326556e-19  2.5613385e-18  1.8248326e-18  3.0852356e-18
  4.4513211e-18  1.0504231e-19  2.1702645e-19  1.1001900e-18
  1.3000000e+00  4.0661079e-01  6.5057725e-01  9.7586584e-01
  3.2292724e-02  1.7000000e-01  1.2992221e+00  7.1639913e-01
 -1.5700001e+00  3.4805113e-01 -1.6231853e-01  1.0126209e+00
  1.0126209e+00  1.2733204e+00  1.2733204e+00  1.4811584e+00
  1.4811584e+00  1.3942981e+00  1.3942981e+00  1.3000000e+00
  8.1151552e-02  1.2984249e-01  1.9476373e-01]
[ 0.0000000e+00  0.0000000e+00  0.0000000e+00  0.0000000e+00
  0.0000000e+00  0.0000000e+00  0.0000000e+00  0.0000000e+00
  0.0000000e+00  0.0000000e+00  0.0000000e+00  0.0000000e+00
  0.0000000e+00  1.0038049e+00 -1.6986793e-01  2.6173893e-01
 -1.7150272e-01 -1.5700001e+00 -4.7099999e-01  3.5870442e-01
  2.6326556e-19  2.5613385e-18  1.8248326e-18  3.0852356e-18
  4.4513211e-18  1.0504231e-19  2.1702645e-19  1.1001900e-18
  1.3000000e+00  4.0661079e-01  6.5057725e-01  9.7586584e-01
  3.2292213e-02  1.7000000e-01  1.2992221e+00  7.1639931e-01
 -1.5700001e+00  3.4805113e-01 -1.6231677e-01  1.0126209e+00
  1.0126209e+00  1.2733204e+00  1.2733204e+00  1.4811584e+00
  1.4811584e+00  1.3942981e+00  1.3942981e+00  1.3000000e+00
  8.1151552e-02  1.2984249e-01  1.9476373e-01]
[ 0.0000000e+00  0.0000000e+00  0.0000000e+00  0.0000000e+00
  0.0000000e+00  0.0000000e+00  0.0000000e+00  0.0000000e+00
  0.0000000e+00  0.0000000e+00  0.0000000e+00  0.0000000e+00
  0.0000000e+00  1.0038049e+00 -1.6986793e-01  2.6173893e-01
 -1.7150272e-01 -1.5700001e+00 -4.7099999e-01  3.5870442e-01
  2.6326556e-19  2.5613385e-18  1.8248326e-18  3.0852356e-18
  4.4513211e-18  1.0504231e-19  2.1702645e-19  1.1001900e-18
  1.3000000e+00  4.0661079e-01  6.5057725e-01  9.7586584e-01
  3.2291751e-02  1.7000000e-01  1.2992221e+00  7.1639943e-01
 -1.5700001e+00  3.4805113e-01 -1.6231519e-01  1.0126209e+00
  1.0126209e+00  1.2733204e+00  1.2733204e+00  1.4811584e+00
  1.4811584e+00  1.3942981e+00  1.3942981e+00  1.3000000e+00
  8.1151552e-02  1.2984249e-01  1.9476373e-01]
[ 0.0000000e+00  0.0000000e+00  0.0000000e+00  0.0000000e+00
  0.0000000e+00  0.0000000e+00  0.0000000e+00  0.0000000e+00
  0.0000000e+00  0.0000000e+00  0.0000000e+00  0.0000000e+00
  0.0000000e+00  1.0038049e+00 -1.6986793e-01  2.6173893e-01
 -1.7150272e-01 -1.5700001e+00 -4.7099999e-01  3.5870442e-01
  2.6326556e-19  2.5613385e-18  1.8248326e-18  3.0852356e-18
  4.4513211e-18  1.0504231e-19  2.1702645e-19  1.1001900e-18
  1.3000000e+00  4.0661079e-01  6.5057725e-01  9.7586584e-01
  3.2291334e-02  1.7000000e-01  1.2992221e+00  7.1639955e-01
 -1.5700001e+00  3.4805113e-01 -1.6231374e-01  1.0126209e+00
  1.0126209e+00  1.2733204e+00  1.2733204e+00  1.4811584e+00
  1.4811584e+00  1.3942981e+00  1.3942981e+00  1.3000000e+00
  8.1151552e-02  1.2984249e-01  1.9476373e-01]
[ 0.0000000e+00  0.0000000e+00  0.0000000e+00  0.0000000e+00
  0.0000000e+00  0.0000000e+00  0.0000000e+00  0.0000000e+00
  0.0000000e+00  0.0000000e+00  0.0000000e+00  0.0000000e+00
  0.0000000e+00  1.0038049e+00 -1.6986793e-01  2.6173893e-01
 -1.7150272e-01 -1.5700001e+00 -4.7099999e-01  3.5870442e-01
  2.6326556e-19  2.5613385e-18  1.8248326e-18  3.0852356e-18
  4.4513211e-18  1.0504231e-19  2.1702645e-19  1.1001900e-18
  1.3000000e+00  4.0661079e-01  6.5057725e-01  9.7586584e-01
  3.2290958e-02  1.7000000e-01  1.2992221e+00  7.1639967e-01
 -1.5700001e+00  3.4805113e-01 -1.6231245e-01  1.0126209e+00
  1.0126209e+00  1.2733204e+00  1.2733204e+00  1.4811584e+00
  1.4811584e+00  1.3942981e+00  1.3942981e+00  1.3000000e+00
  8.1151552e-02  1.2984249e-01  1.9476373e-01]
[ 0.0000000e+00  0.0000000e+00  0.0000000e+00  0.0000000e+00
  0.0000000e+00  0.0000000e+00  0.0000000e+00  0.0000000e+00
  0.0000000e+00  0.0000000e+00  0.0000000e+00  0.0000000e+00
  0.0000000e+00  1.0038049e+00 -1.6986793e-01  2.6173893e-01
 -1.7150272e-01 -1.5700001e+00 -4.7099999e-01  3.5870442e-01
  2.6326556e-19  2.5613385e-18  1.8248326e-18  3.0852356e-18
  4.4513211e-18  1.0504231e-19  2.1702645e-19  1.1001900e-18
  1.3000000e+00  4.0661079e-01  6.5057725e-01  9.7586584e-01
  3.2290619e-02  1.7000000e-01  1.2992221e+00  7.1639979e-01
 -1.5700001e+00  3.4805113e-01 -1.6231129e-01  1.0126209e+00
  1.0126209e+00  1.2733204e+00  1.2733204e+00  1.4811584e+00
  1.4811584e+00  1.3942981e+00  1.3942981e+00  1.3000000e+00
  8.1151552e-02  1.2984249e-01  1.9476373e-01]
[ 0.0000000e+00  0.0000000e+00  0.0000000e+00  0.0000000e+00
  0.0000000e+00  0.0000000e+00  0.0000000e+00  0.0000000e+00
  0.0000000e+00  0.0000000e+00  0.0000000e+00  0.0000000e+00
  0.0000000e+00  1.0038049e+00 -1.6986793e-01  2.6173893e-01
 -1.7150272e-01 -1.5700001e+00 -4.7099999e-01  3.5870442e-01
  2.6326556e-19  2.5613385e-18  1.8248326e-18  3.0852356e-18
  4.4513211e-18  1.0504231e-19  2.1702645e-19  1.1001900e-18
  1.3000000e+00  4.0661079e-01  6.5057725e-01  9.7586584e-01
  3.2290310e-02  1.7000000e-01  1.2992221e+00  7.1639985e-01
 -1.5700001e+00  3.4805113e-01 -1.6231023e-01  1.0126209e+00
  1.0126209e+00  1.2733204e+00  1.2733204e+00  1.4811584e+00
  1.4811584e+00  1.3942981e+00  1.3942981e+00  1.3000000e+00
  8.1151552e-02  1.2984249e-01  1.9476373e-01]
[ 0.0000000e+00  0.0000000e+00  0.0000000e+00  0.0000000e+00
  0.0000000e+00  0.0000000e+00  0.0000000e+00  0.0000000e+00
  0.0000000e+00  0.0000000e+00  0.0000000e+00  0.0000000e+00
  0.0000000e+00  1.0038049e+00 -1.6986793e-01  2.6173893e-01
 -1.7150272e-01 -1.5700001e+00 -4.7099999e-01  3.5870442e-01
  2.6326556e-19  2.5613385e-18  1.8248326e-18  3.0852356e-18
  4.4513211e-18  1.0504231e-19  2.1702645e-19  1.1001900e-18
  1.3000000e+00  4.0661079e-01  6.5057725e-01  9.7586584e-01
  3.2290030e-02  1.7000000e-01  1.2992221e+00  7.1639997e-01
 -1.5700001e+00  3.4805113e-01 -1.6230927e-01  1.0126209e+00
  1.0126209e+00  1.2733204e+00  1.2733204e+00  1.4811584e+00
  1.4811584e+00  1.3942981e+00  1.3942981e+00  1.3000000e+00
  8.1151552e-02  1.2984249e-01  1.9476373e-01]
[ 0.0000000e+00  0.0000000e+00  0.0000000e+00  0.0000000e+00
  0.0000000e+00  0.0000000e+00  0.0000000e+00  0.0000000e+00
  0.0000000e+00  0.0000000e+00  0.0000000e+00  0.0000000e+00
  0.0000000e+00  1.0038049e+00 -1.6986793e-01  2.6173893e-01
 -1.7150272e-01 -1.5700001e+00 -4.7099999e-01  3.5870442e-01
  2.6326556e-19  2.5613385e-18  1.8248326e-18  3.0852356e-18
  4.4513211e-18  1.0504231e-19  2.1702645e-19  1.1001900e-18
  1.3000000e+00  4.0661079e-01  6.5057725e-01  9.7586584e-01
  3.2289781e-02  1.7000000e-01  1.2992221e+00  7.1640003e-01
 -1.5700001e+00  3.4805113e-01 -1.6230841e-01  1.0126209e+00
  1.0126209e+00  1.2733204e+00  1.2733204e+00  1.4811584e+00
  1.4811584e+00  1.3942981e+00  1.3942981e+00  1.3000000e+00
  8.1151552e-02  1.2984249e-01  1.9476373e-01]
[ 0.0000000e+00  0.0000000e+00  0.0000000e+00  0.0000000e+00
  0.0000000e+00  0.0000000e+00  0.0000000e+00  0.0000000e+00
  0.0000000e+00  0.0000000e+00  0.0000000e+00  0.0000000e+00
  0.0000000e+00  1.0038049e+00 -1.6986793e-01  2.6173893e-01
 -1.7150272e-01 -1.5700001e+00 -4.7099999e-01  3.5870442e-01
  2.6326556e-19  2.5613385e-18  1.8248326e-18  3.0852356e-18
  4.4513211e-18  1.0504231e-19  2.1702645e-19  1.1001900e-18
  1.3000000e+00  4.0661079e-01  6.5057725e-01  9.7586584e-01
  3.2289553e-02  1.7000000e-01  1.2992221e+00  7.1640009e-01
 -1.5700001e+00  3.4805113e-01 -1.6230762e-01  1.0126209e+00
  1.0126209e+00  1.2733204e+00  1.2733204e+00  1.4811584e+00
  1.4811584e+00  1.3942981e+00  1.3942981e+00  1.3000000e+00
  8.1151552e-02  1.2984249e-01  1.9476373e-01]
[ 0.0000000e+00  0.0000000e+00  0.0000000e+00  0.0000000e+00
  0.0000000e+00  0.0000000e+00  0.0000000e+00  0.0000000e+00
  0.0000000e+00  0.0000000e+00  0.0000000e+00  0.0000000e+00
  0.0000000e+00  1.0038049e+00 -1.6986793e-01  2.6173893e-01
 -1.7150272e-01 -1.5700001e+00 -4.7099999e-01  3.5870442e-01
  2.6326556e-19  2.5613385e-18  1.8248326e-18  3.0852356e-18
  4.4513211e-18  1.0504231e-19  2.1702645e-19  1.1001900e-18
  1.3000000e+00  4.0661079e-01  6.5057725e-01  9.7586584e-01
  3.2289349e-02  1.7000000e-01  1.2992221e+00  7.1640015e-01
 -1.5700001e+00  3.4805113e-01 -1.6230692e-01  1.0126209e+00
  1.0126209e+00  1.2733204e+00  1.2733204e+00  1.4811584e+00
  1.4811584e+00  1.3942981e+00  1.3942981e+00  1.3000000e+00
  8.1151552e-02  1.2984249e-01  1.9476373e-01]
[ 0.0000000e+00  0.0000000e+00  0.0000000e+00  0.0000000e+00
  0.0000000e+00  0.0000000e+00  0.0000000e+00  0.0000000e+00
  0.0000000e+00  0.0000000e+00  0.0000000e+00  0.0000000e+00
  0.0000000e+00  1.0038049e+00 -1.6986793e-01  2.6173893e-01
 -1.7150272e-01 -1.5700001e+00 -4.7099999e-01  3.5870442e-01
  2.6326556e-19  2.5613385e-18  1.8248326e-18  3.0852356e-18
  4.4513211e-18  1.0504231e-19  2.1702645e-19  1.1001900e-18
  1.3000000e+00  4.0661079e-01  6.5057725e-01  9.7586584e-01
  3.2289162e-02  1.7000000e-01  1.2992221e+00  7.1640021e-01
 -1.5700001e+00  3.4805113e-01 -1.6230628e-01  1.0126209e+00
  1.0126209e+00  1.2733204e+00  1.2733204e+00  1.4811584e+00
  1.4811584e+00  1.3942981e+00  1.3942981e+00  1.3000000e+00
  8.1151552e-02  1.2984249e-01  1.9476373e-01]
[ 0.0000000e+00  0.0000000e+00  0.0000000e+00  0.0000000e+00
  0.0000000e+00  0.0000000e+00  0.0000000e+00  0.0000000e+00
  0.0000000e+00  0.0000000e+00  0.0000000e+00  0.0000000e+00
  0.0000000e+00  1.0038049e+00 -1.6986793e-01  2.6173893e-01
 -1.7150272e-01 -1.5700001e+00 -4.7099999e-01  3.5870442e-01
  2.6326556e-19  2.5613385e-18  1.8248326e-18  3.0852356e-18
  4.4513211e-18  1.0504231e-19  2.1702645e-19  1.1001900e-18
  1.3000000e+00  4.0661079e-01  6.5057725e-01  9.7586584e-01
  3.2288995e-02  1.7000000e-01  1.2992221e+00  7.1640027e-01
 -1.5700001e+00  3.4805113e-01 -1.6230571e-01  1.0126209e+00
  1.0126209e+00  1.2733204e+00  1.2733204e+00  1.4811584e+00
  1.4811584e+00  1.3942981e+00  1.3942981e+00  1.3000000e+00
  8.1151552e-02  1.2984249e-01  1.9476373e-01]
[ 0.0000000e+00  0.0000000e+00  0.0000000e+00  0.0000000e+00
  0.0000000e+00  0.0000000e+00  0.0000000e+00  0.0000000e+00
  0.0000000e+00  0.0000000e+00  0.0000000e+00  0.0000000e+00
  0.0000000e+00  1.0038049e+00 -1.6986793e-01  2.6173893e-01
 -1.7150272e-01 -1.5700001e+00 -4.7099999e-01  3.5870442e-01
  2.6326556e-19  2.5613385e-18  1.8248326e-18  3.0852356e-18
  4.4513211e-18  1.0504231e-19  2.1702645e-19  1.1001900e-18
  1.3000000e+00  4.0661079e-01  6.5057725e-01  9.7586584e-01
  3.2288846e-02  1.7000000e-01  1.2992221e+00  7.1640033e-01
 -1.5700001e+00  3.4805113e-01 -1.6230519e-01  1.0126209e+00
  1.0126209e+00  1.2733204e+00  1.2733204e+00  1.4811584e+00
  1.4811584e+00  1.3942981e+00  1.3942981e+00  1.3000000e+00
  8.1151552e-02  1.2984249e-01  1.9476373e-01]
[ 0.0000000e+00  0.0000000e+00  0.0000000e+00  0.0000000e+00
  0.0000000e+00  0.0000000e+00  0.0000000e+00  0.0000000e+00
  0.0000000e+00  0.0000000e+00  0.0000000e+00  0.0000000e+00
  0.0000000e+00  1.0038049e+00 -1.6986793e-01  2.6173893e-01
 -1.7150272e-01 -1.5700001e+00 -4.7099999e-01  3.5870442e-01
  2.6326556e-19  2.5613385e-18  1.8248326e-18  3.0852356e-18
  4.4513211e-18  1.0504231e-19  2.1702645e-19  1.1001900e-18
  1.3000000e+00  4.0661079e-01  6.5057725e-01  9.7586584e-01
  3.2288708e-02  1.7000000e-01  1.2992221e+00  7.1640033e-01
 -1.5700001e+00  3.4805113e-01 -1.6230471e-01  1.0126209e+00
  1.0126209e+00  1.2733204e+00  1.2733204e+00  1.4811584e+00
  1.4811584e+00  1.3942981e+00  1.3942981e+00  1.3000000e+00
  8.1151552e-02  1.2984249e-01  1.9476373e-01]
[ 0.0000000e+00  0.0000000e+00  0.0000000e+00  0.0000000e+00
  0.0000000e+00  0.0000000e+00  0.0000000e+00  0.0000000e+00
  0.0000000e+00  0.0000000e+00  0.0000000e+00  0.0000000e+00
  0.0000000e+00  1.0038049e+00 -1.6986793e-01  2.6173893e-01
 -1.7150272e-01 -1.5700001e+00 -4.7099999e-01  3.5870442e-01
  2.6326556e-19  2.5613385e-18  1.8248326e-18  3.0852356e-18
  4.4513211e-18  1.0504231e-19  2.1702645e-19  1.1001900e-18
  1.3000000e+00  4.0661079e-01  6.5057725e-01  9.7586584e-01
  3.2288585e-02  1.7000000e-01  1.2992221e+00  7.1640038e-01
 -1.5700001e+00  3.4805113e-01 -1.6230430e-01  1.0126209e+00
  1.0126209e+00  1.2733204e+00  1.2733204e+00  1.4811584e+00
  1.4811584e+00  1.3942981e+00  1.3942981e+00  1.3000000e+00
  8.1151552e-02  1.2984249e-01  1.9476373e-01]
[ 0.0000000e+00  0.0000000e+00  0.0000000e+00  0.0000000e+00
  0.0000000e+00  0.0000000e+00  0.0000000e+00  0.0000000e+00
  0.0000000e+00  0.0000000e+00  0.0000000e+00  0.0000000e+00
  0.0000000e+00  1.0038049e+00 -1.6986793e-01  2.6173893e-01
 -1.7150272e-01 -1.5700001e+00 -4.7099999e-01  3.5870442e-01
  2.6326556e-19  2.5613385e-18  1.8248326e-18  3.0852356e-18
  4.4513211e-18  1.0504231e-19  2.1702645e-19  1.1001900e-18
  1.3000000e+00  4.0661079e-01  6.5057725e-01  9.7586584e-01
  3.2288473e-02  1.7000000e-01  1.2992221e+00  7.1640044e-01
 -1.5700001e+00  3.4805113e-01 -1.6230391e-01  1.0126209e+00
  1.0126209e+00  1.2733204e+00  1.2733204e+00  1.4811584e+00
  1.4811584e+00  1.3942981e+00  1.3942981e+00  1.3000000e+00
  8.1151552e-02  1.2984249e-01  1.9476373e-01]
[ 0.0000000e+00  0.0000000e+00  0.0000000e+00  0.0000000e+00
  0.0000000e+00  0.0000000e+00  0.0000000e+00  0.0000000e+00
  0.0000000e+00  0.0000000e+00  0.0000000e+00  0.0000000e+00
  0.0000000e+00  1.0038533e+00 -1.6986781e-01  2.6176405e-01
 -1.7145561e-01 -1.5700001e+00 -4.7099999e-01  3.5851225e-01
  1.3163278e-19  1.2806693e-18  1.8248326e-18  1.5426178e-18
  2.2256605e-18  5.3872319e-19  1.0843882e-18  5.5009501e-19
  1.3000000e+00  4.0661043e-01  6.5057665e-01  9.7586501e-01
  3.2270625e-02  1.7000000e-01  1.2992221e+00  7.1630150e-01
 -1.5700001e+00  3.4805119e-01 -1.6221283e-01  1.0127814e+00
  1.0127814e+00  1.2733686e+00  1.2733686e+00  1.4811840e+00
  1.4811840e+00  1.3944141e+00  1.3944141e+00  1.3000000e+00
  8.1779510e-02  1.3084722e-01  1.9627082e-01]
[ 0.0000000e+00  0.0000000e+00  0.0000000e+00  0.0000000e+00
  0.0000000e+00  0.0000000e+00  0.0000000e+00  0.0000000e+00
  0.0000000e+00  0.0000000e+00  0.0000000e+00  0.0000000e+00
  0.0000000e+00  1.0039785e+00 -1.6986927e-01  2.6178217e-01
 -1.7128870e-01 -1.5700001e+00 -4.7099999e-01  3.5797492e-01
  1.3163278e-19  1.2806693e-18  1.8248326e-18  1.5426178e-18
  2.2256605e-18  5.3872319e-19  1.0843882e-18  5.5009501e-19
  1.3000000e+00  4.0661043e-01  6.5057665e-01  9.7586501e-01
  3.2340832e-02  1.7000000e-01  1.2992218e+00  7.1622223e-01
 -1.5700001e+00  3.4805125e-01 -1.6221432e-01  1.0129920e+00
  1.0129920e+00  1.2734492e+00  1.2734492e+00  1.4812447e+00
  1.4812447e+00  1.3946927e+00  1.3946927e+00  1.3000000e+00
  8.2423240e-02  1.3187718e-01  1.9781578e-01]
[ 0.0000000e+00  0.0000000e+00  0.0000000e+00  0.0000000e+00
  0.0000000e+00  0.0000000e+00  0.0000000e+00  0.0000000e+00
  0.0000000e+00  0.0000000e+00  0.0000000e+00  0.0000000e+00
  0.0000000e+00  1.0041120e+00 -1.6987090e-01  2.6178679e-01
 -1.7080577e-01 -1.5700001e+00 -4.7099999e-01  3.5693207e-01
  1.3163278e-19  1.2806693e-18  1.8248326e-18  1.5426178e-18
  2.2256605e-18  5.3872319e-19  1.0843882e-18  5.5009501e-19
  1.3000000e+00  4.0661043e-01  6.5057665e-01  9.7586501e-01
  3.2597143e-02  1.7000000e-01  1.2992210e+00  7.1640581e-01
 -1.5700001e+00  3.4805134e-01 -1.6262758e-01  1.0131633e+00
  1.0131633e+00  1.2735420e+00  1.2735420e+00  1.4813423e+00
  1.4813423e+00  1.3951377e+00  1.3951377e+00  1.3000000e+00
  8.2982466e-02  1.3277194e-01  1.9915792e-01]
[ 0.0000000e+00  0.0000000e+00  0.0000000e+00  0.0000000e+00
  0.0000000e+00  0.0000000e+00  0.0000000e+00  0.0000000e+00
  0.0000000e+00  0.0000000e+00  0.0000000e+00  0.0000000e+00
  0.0000000e+00  1.0042117e+00 -1.6986918e-01  2.6184821e-01
 -1.6992484e-01 -1.5700001e+00 -4.7099999e-01  3.5529122e-01
  6.5816390e-20  6.4033463e-19  1.8528186e-18  7.7130890e-19
  1.7779867e-18  1.1873092e-18  1.1123742e-18  5.7808096e-19
  1.3000000e+00  4.0660876e-01  6.5057397e-01  9.7586101e-01
  3.3157341e-02  1.7000000e-01  1.2992196e+00  7.1680921e-01
 -1.5700001e+00  3.4805146e-01 -1.6323985e-01  1.0132997e+00
  1.0132997e+00  1.2736335e+00  1.2736335e+00  1.4814751e+00
  1.4814751e+00  1.3957369e+00  1.3957369e+00  1.3000000e+00
  8.3433397e-02  1.3349344e-01  2.0024015e-01]
[ 0.0000000e+00  0.0000000e+00  0.0000000e+00  0.0000000e+00
  0.0000000e+00  0.0000000e+00  0.0000000e+00  0.0000000e+00
  0.0000000e+00  0.0000000e+00  0.0000000e+00  0.0000000e+00
  0.0000000e+00  1.0043283e+00 -1.6986558e-01  2.6196796e-01
 -1.6870144e-01 -1.5700001e+00 -4.7099999e-01  3.5304594e-01
  6.5816390e-20  6.4033463e-19  1.8528186e-18  7.7130890e-19
  1.7779867e-18  1.1873092e-18  1.1123742e-18  5.7808096e-19
  1.3000000e+00  4.0660876e-01  6.5057397e-01  9.7586101e-01
  3.4138277e-02  1.7000000e-01  1.2992176e+00  7.1727192e-01
 -1.5700001e+00  3.4805161e-01 -1.6366553e-01  1.0136298e+00
  1.0136298e+00  1.2737216e+00  1.2737216e+00  1.4816400e+00
  1.4816400e+00  1.3964670e+00  1.3964670e+00  1.3000000e+00
  8.4101759e-02  1.3456282e-01  2.0184423e-01]
[ 0.0000000e+00  0.0000000e+00  0.0000000e+00  0.0000000e+00
  0.0000000e+00  0.0000000e+00  0.0000000e+00  0.0000000e+00
  0.0000000e+00  0.0000000e+00  0.0000000e+00  0.0000000e+00
  0.0000000e+00  1.0044415e+00 -1.6985799e-01  2.6220360e-01
 -1.6716832e-01 -1.5700001e+00 -4.7099999e-01  3.5025322e-01
  6.5816390e-20  6.4033463e-19  1.8528186e-18  7.7130890e-19
  1.7779867e-18  1.1873092e-18  1.1123742e-18  5.7808096e-19
  1.3000000e+00  4.0660876e-01  6.5057397e-01  9.7586101e-01
  3.5530061e-02  1.7000000e-01  1.2992147e+00  7.1786577e-01
 -1.5700001e+00  3.4805161e-01 -1.6404134e-01  1.0145684e+00
  1.0145684e+00  1.2738668e+00  1.2738668e+00  1.4818715e+00
  1.4818715e+00  1.3974568e+00  1.3974568e+00  1.3000000e+00
  8.5419707e-02  1.3667154e-01  2.0500730e-01]
[ 0.0000000e+00  0.0000000e+00  0.0000000e+00  0.0000000e+00
  0.0000000e+00  0.0000000e+00  0.0000000e+00  0.0000000e+00
  0.0000000e+00  0.0000000e+00  0.0000000e+00  0.0000000e+00
  0.0000000e+00  1.0045158e+00 -1.6984488e-01  2.6260448e-01
 -1.6540872e-01 -1.5700001e+00 -4.7099999e-01  3.4708518e-01
  3.2908195e-20  3.2016731e-19  1.5867370e-18  3.8565445e-19
  8.8899334e-19  5.9365460e-19  3.2064887e-18  1.5294008e-18
  1.3000000e+00  4.0660766e-01  6.5057224e-01  9.7585839e-01
  3.7289549e-02  1.7000000e-01  1.2992111e+00  7.1874434e-01
 -1.5700001e+00  3.4805125e-01 -1.6463466e-01  1.0157027e+00
  1.0157027e+00  1.2740680e+00  1.2740680e+00  1.4821390e+00
  1.4821390e+00  1.3985679e+00  1.3985679e+00  1.3000000e+00
  8.6793520e-02  1.3886963e-01  2.0830445e-01]
[ 0.0000000e+00  0.0000000e+00  0.0000000e+00  0.0000000e+00
  0.0000000e+00  0.0000000e+00  0.0000000e+00  0.0000000e+00
  0.0000000e+00  0.0000000e+00  0.0000000e+00  0.0000000e+00
  0.0000000e+00  1.0049790e+00 -1.6984190e-01  2.6299259e-01
 -1.6458437e-01 -1.5700001e+00 -4.7099999e-01  3.4432524e-01
  3.5023551e-18  2.0548908e-18  7.9336852e-19  3.8565445e-19
  2.1900359e-18  1.8946971e-18  2.3391270e-18  2.3967624e-18
  1.3000000e+00  4.0660751e-01  6.5057200e-01  9.7585803e-01
  3.9882381e-02  1.7000000e-01  1.2992061e+00  7.1969342e-01
 -1.5700001e+00  3.4805092e-01 -1.6512664e-01  1.0167745e+00
  1.0167745e+00  1.2743495e+00  1.2743495e+00  1.4824535e+00
  1.4824535e+00  1.3998358e+00  1.3998358e+00  1.3000000e+00
  8.7972537e-02  1.4075606e-01  2.1113409e-01]
[ 0.0000000e+00  0.0000000e+00  0.0000000e+00  0.0000000e+00
  0.0000000e+00  0.0000000e+00  0.0000000e+00  0.0000000e+00
  0.0000000e+00  0.0000000e+00  0.0000000e+00  0.0000000e+00
  0.0000000e+00  1.0054735e+00 -1.6984507e-01  2.6328912e-01
 -1.6379088e-01 -1.5700001e+00 -4.7099999e-01  3.4131235e-01
  1.9972259e-18  1.1000167e-18  3.9668426e-19  1.9401013e-18
  2.8611596e-18  9.4734855e-19  1.4415451e-18  1.1983812e-18
  1.3000000e+00  4.0660733e-01  6.5057170e-01  9.7585756e-01
  4.3559086e-02  1.7000000e-01  1.2991995e+00  7.2147429e-01
 -1.5700001e+00  3.4805071e-01 -1.6692412e-01  1.0183383e+00
  1.0183383e+00  1.2749845e+00  1.2749845e+00  1.4831249e+00
  1.4831249e+00  1.4066005e+00  1.4066005e+00  1.3000000e+00
  8.9607149e-02  1.4337145e-01  2.1505716e-01]
[ 0.0000000e+00  0.0000000e+00  0.0000000e+00  0.0000000e+00
  0.0000000e+00  0.0000000e+00  0.0000000e+00  0.0000000e+00
  0.0000000e+00  0.0000000e+00  0.0000000e+00  0.0000000e+00
  0.0000000e+00  1.0059055e+00 -1.6985719e-01  2.6334304e-01
 -1.6166069e-01 -1.5700001e+00 -4.7099999e-01  3.3654672e-01
  1.8973296e-18  1.0449966e-18  4.8625213e-19  1.8958589e-18
  2.7180712e-18  1.1627732e-18  1.3695288e-18  1.3036935e-18
  1.3000000e+00  4.0660727e-01  6.5057164e-01  9.7585744e-01
  4.8495661e-02  1.7000000e-01  1.2991908e+00  7.2455215e-01
 -1.5700001e+00  3.4805083e-01 -1.7057127e-01  1.0160650e+00
  1.0160650e+00  1.2799622e+00  1.2799622e+00  1.4842008e+00
  1.4842008e+00  1.4227885e+00  1.4227885e+00  1.3000000e+00
  9.8328300e-02  1.5732528e-01  2.3598792e-01]
[ 0.00000000e+00  0.00000000e+00  0.00000000e+00  0.00000000e+00
  0.00000000e+00  0.00000000e+00  0.00000000e+00  0.00000000e+00
  0.00000000e+00  0.00000000e+00  0.00000000e+00  0.00000000e+00
  0.00000000e+00  1.00617123e+00 -1.69864401e-01  2.63393939e-01
 -1.57811090e-01 -1.57000005e+00 -4.70999986e-01  3.29666138e-01
  1.88784288e-18  1.06234382e-18  4.94925787e-19  1.90453249e-18
  2.70448087e-18  1.15695932e-18  1.36952882e-18  1.29717502e-18
  1.29999995e+00  4.06607270e-01  6.50571644e-01  9.75857437e-01
  5.32121323e-02  1.70000002e-01  1.29918301e+00  7.30328500e-01
 -1.57000005e+00  3.48052889e-01 -1.79609880e-01  1.01108813e+00
  1.01108813e+00  1.28208280e+00  1.28208280e+00  1.48510110e+00
  1.48510110e+00  1.43577302e+00  1.43577302e+00  1.29999995e+00
  1.09818794e-01  1.75710067e-01  2.63565093e-01]
[ 0.0000000e+00  0.0000000e+00  0.0000000e+00  0.0000000e+00
  0.0000000e+00  0.0000000e+00  0.0000000e+00  0.0000000e+00
  0.0000000e+00  0.0000000e+00  0.0000000e+00  0.0000000e+00
  0.0000000e+00  1.0061363e+00 -1.6985105e-01  2.6380894e-01
 -1.5253645e-01 -1.5700001e+00 -4.7099999e-01  3.2120192e-01
  1.9312109e-18  1.0570321e-18  4.9245112e-19  1.8950098e-18
  2.7174914e-18  1.1511745e-18  1.3626812e-18  1.2906892e-18
  1.3000000e+00  4.0660727e-01  6.5057158e-01  9.7585744e-01
  5.6043942e-02  1.7000000e-01  1.2991792e+00  7.3911613e-01
 -1.5700001e+00  3.4805867e-01 -1.9537590e-01  1.0095402e+00
  1.0095402e+00  1.2750173e+00  1.2750173e+00  1.4853631e+00
  1.4853631e+00  1.4397225e+00  1.4397225e+00  1.3000000e+00
  1.1999412e-01  1.9199060e-01  2.8798589e-01]
[ 0.0000000e+00  0.0000000e+00  0.0000000e+00  0.0000000e+00
  0.0000000e+00  0.0000000e+00  0.0000000e+00  0.0000000e+00
  0.0000000e+00  0.0000000e+00  0.0000000e+00  0.0000000e+00
  0.0000000e+00  1.0058239e+00 -1.6981719e-01  2.6470897e-01
 -1.4665744e-01 -1.5700001e+00 -4.7099999e-01  3.1224126e-01
  9.6560546e-19  5.2851604e-19  2.4622556e-19  9.4750489e-19
  3.2960347e-18  5.7558727e-19  6.8134061e-19  6.4534460e-19
  1.3000000e+00  4.0660661e-01  6.5057057e-01  9.7585589e-01
  5.6558348e-02  1.7000000e-01  1.2991793e+00  7.4856335e-01
 -1.5700001e+00  3.4806857e-01 -2.1275346e-01  1.0018184e+00
  1.0018184e+00  1.2425349e+00  1.2425349e+00  1.4857968e+00
  1.4857968e+00  1.4464333e+00  1.4464333e+00  1.3000000e+00
  1.4106911e-01  2.2571059e-01  3.3856589e-01]
[ 0.0000000e+00  0.0000000e+00  0.0000000e+00  0.0000000e+00
  0.0000000e+00  0.0000000e+00  0.0000000e+00  0.0000000e+00
  0.0000000e+00  0.0000000e+00  0.0000000e+00  0.0000000e+00
  0.0000000e+00  1.0053873e+00 -1.6977239e-01  2.6602054e-01
 -1.4088258e-01 -1.5700001e+00 -4.7099999e-01  3.0354372e-01
  2.2507785e-18  2.4247288e-18  2.6145533e-19  8.5298979e-19
  2.5887624e-18  4.2079280e-19  4.9822567e-19  1.3449041e-18
  1.3000000e+00  4.0660641e-01  6.5057027e-01  9.7585541e-01
  5.5008359e-02  1.7000000e-01  1.2991819e+00  7.5698739e-01
 -1.5700001e+00  3.4808210e-01 -2.2764166e-01  9.7669494e-01
  9.7669494e-01  1.1869959e+00  1.1869959e+00  1.4810538e+00
  1.4810538e+00  1.4017522e+00  1.4017522e+00  1.3000000e+00
  2.2662619e-01  3.6260191e-01  5.4390287e-01]
[ 0.0000000e+00  0.0000000e+00  0.0000000e+00  0.0000000e+00
  0.0000000e+00  0.0000000e+00  0.0000000e+00  0.0000000e+00
  0.0000000e+00  0.0000000e+00  0.0000000e+00  0.0000000e+00
  0.0000000e+00  1.0047086e+00 -1.6971828e-01  2.6770473e-01
 -1.3518128e-01 -1.5700001e+00 -4.7099999e-01  2.9530880e-01
  1.1253893e-18  1.2123644e-18  1.6039328e-18  4.2649489e-19
  1.2943812e-18  2.1039640e-19  2.4911283e-19  6.7245203e-19
  1.3000000e+00  4.0660608e-01  6.5056974e-01  9.7585458e-01
  5.1673770e-02  1.7000000e-01  1.2991881e+00  7.6358449e-01
 -1.5700001e+00  3.4809899e-01 -2.3717485e-01  9.9226058e-01
  9.9226058e-01  1.1360614e+00  1.1360614e+00  1.4546086e+00
  1.4546086e+00  1.3563151e+00  1.3563151e+00  1.3000000e+00
  3.0911344e-01  4.9458149e-01  7.4187225e-01]
[ 0.0000000e+00  0.0000000e+00  0.0000000e+00  0.0000000e+00
  0.0000000e+00  0.0000000e+00  0.0000000e+00  0.0000000e+00
  0.0000000e+00  0.0000000e+00  0.0000000e+00  0.0000000e+00
  0.0000000e+00  1.0040455e+00 -1.6966869e-01  2.6954380e-01
 -1.3003565e-01 -1.5700001e+00 -4.7099999e-01  2.8780094e-01
  5.6269463e-19  1.2123644e-18  8.0196639e-19  4.3394758e-19
  2.6235673e-18  6.5814894e-19  1.2455642e-19  6.7245203e-19
  1.3000000e+00  4.0660587e-01  6.5056938e-01  9.7585410e-01
  4.7467850e-02  1.7000000e-01  1.2991990e+00  7.6748735e-01
 -1.5700001e+00  3.4811804e-01 -2.3779298e-01  1.0223851e+00
  1.0223851e+00  1.1066921e+00  1.1066921e+00  1.4156126e+00
  1.4156126e+00  1.3002326e+00  1.3002326e+00  1.3000000e+00
  3.8183495e-01  6.1093593e-01  9.1640389e-01]
[ 0.0000000e+00  0.0000000e+00  0.0000000e+00  0.0000000e+00
  0.0000000e+00  0.0000000e+00  0.0000000e+00  0.0000000e+00
  0.0000000e+00  0.0000000e+00  0.0000000e+00  0.0000000e+00
  0.0000000e+00  1.0033175e+00 -1.6962333e-01  2.7146947e-01
 -1.2531064e-01 -1.5700001e+00 -4.7099999e-01  2.8091809e-01
  5.9609106e-19  6.0618220e-19  3.3010195e-18  5.5886485e-18
  1.3117837e-18  3.2907447e-19  2.4152373e-18  3.3622602e-19
  1.3000000e+00  4.0660572e-01  6.5056914e-01  9.7585374e-01
  4.2477537e-02  1.7000000e-01  1.2992141e+00  7.7024031e-01
 -1.5700001e+00  3.4813726e-01 -2.3233920e-01  1.0549890e+00
  1.0549890e+00  1.0976565e+00  1.0976565e+00  1.3728985e+00
  1.3728985e+00  1.2500844e+00  1.2500844e+00  1.3000000e+00
  4.4091746e-01  7.0546794e-01  1.0582019e+00]
[ 0.0000000e+00  0.0000000e+00  0.0000000e+00  0.0000000e+00
  0.0000000e+00  0.0000000e+00  0.0000000e+00  0.0000000e+00
  0.0000000e+00  0.0000000e+00  0.0000000e+00  0.0000000e+00
  0.0000000e+00  1.0022705e+00 -1.6957541e-01  2.7353749e-01
 -1.2037497e-01 -1.5700001e+00 -4.7099999e-01  2.7415130e-01
  1.4634528e-18  3.2082674e-18  1.6505098e-18  2.9865631e-18
  2.1791453e-18  3.2907447e-19  2.4152373e-18  1.2035878e-18
  1.3000000e+00  4.0660569e-01  6.5056914e-01  9.7585368e-01
  3.6022626e-02  1.7000000e-01  1.2992334e+00  7.7352089e-01
 -1.5700001e+00  3.4815630e-01 -2.2571594e-01  1.0726939e+00
  1.0726939e+00  1.0890793e+00  1.0890793e+00  1.3360831e+00
  1.3360831e+00  1.2168865e+00  1.2168865e+00  1.3000000e+00
  4.7045875e-01  7.5273401e-01  1.1291009e+00]
[ 0.0000000e+00  0.0000000e+00  0.0000000e+00  0.0000000e+00
  0.0000000e+00  0.0000000e+00  0.0000000e+00  0.0000000e+00
  0.0000000e+00  0.0000000e+00  0.0000000e+00  0.0000000e+00
  0.0000000e+00  1.0010170e+00 -1.6952564e-01  2.7579063e-01
 -1.1548884e-01 -1.5700001e+00 -4.7099999e-01  2.6764965e-01
  7.3172640e-19  1.6041337e-18  9.2879096e-19  1.5032744e-18
  2.1205220e-18  7.3056881e-19  1.2743805e-18  6.1227480e-19
  1.3000000e+00  4.0660566e-01  6.5056908e-01  9.7585362e-01
  2.7518285e-02  1.7000000e-01  1.2992575e+00  7.7612454e-01
 -1.5700001e+00  3.4817547e-01 -2.1696335e-01  1.0825862e+00
  1.0825862e+00  1.0819584e+00  1.0819584e+00  1.3008478e+00
  1.3008478e+00  1.1967622e+00  1.1967622e+00  1.3000000e+00
  4.8522937e-01  7.7636701e-01  1.1645505e+00]
[ 0.0000000e+00  0.0000000e+00  0.0000000e+00  0.0000000e+00
  0.0000000e+00  0.0000000e+00  0.0000000e+00  0.0000000e+00
  0.0000000e+00  0.0000000e+00  0.0000000e+00  0.0000000e+00
  0.0000000e+00  9.9937111e-01 -1.6962871e-01  2.7869993e-01
 -1.1083250e-01 -1.5700001e+00 -4.7099999e-01  2.6198703e-01
  5.3537538e-19  3.4809783e-18  6.7955979e-19  1.0998867e-18
  1.5515591e-18  5.3452840e-19  9.3247161e-19  4.4808358e-19
  1.3000000e+00  4.0660563e-01  6.5056902e-01  9.7585350e-01
  1.6296377e-02  1.7000000e-01  1.2992870e+00  7.7638495e-01
 -1.5700001e+00  3.4819436e-01 -2.0405427e-01  1.0881649e+00
  1.0881649e+00  1.0769964e+00  1.0769964e+00  1.2757804e+00
  1.2757804e+00  1.1842635e+00  1.1842635e+00  1.3000000e+00
  4.9261469e-01  7.8818351e-01  1.1822753e+00]
[ 0.00000000e+00  0.00000000e+00  0.00000000e+00  0.00000000e+00
  0.00000000e+00  0.00000000e+00  0.00000000e+00  0.00000000e+00
  0.00000000e+00  0.00000000e+00  0.00000000e+00  0.00000000e+00
  0.00000000e+00  9.97160554e-01 -1.69703677e-01  2.82010317e-01
 -1.06317826e-01 -1.57000005e+00 -4.70999986e-01  2.57128954e-01
  5.08559533e-19  3.66038423e-18  8.55998913e-19  1.36602871e-18
  1.64274544e-18  5.07754996e-19  8.85766093e-19  4.25640001e-19
  1.29999995e+00  4.06605631e-01  6.50569022e-01  9.75853503e-01
  1.15487166e-03  1.70000002e-01  1.29932344e+00  7.74907351e-01
 -1.57000005e+00  3.48214447e-01 -1.89815849e-01  1.09293246e+00
  1.09293246e+00  1.07141781e+00  1.07141781e+00  1.26626110e+00
  1.26626110e+00  1.17896795e+00  1.17896795e+00  1.29999995e+00
  4.96307343e-01  7.94091761e-01  1.19113767e+00]
[ 0.0000000e+00  0.0000000e+00  0.0000000e+00  0.0000000e+00
  0.0000000e+00  0.0000000e+00  0.0000000e+00  0.0000000e+00
  0.0000000e+00  0.0000000e+00  0.0000000e+00  0.0000000e+00
  0.0000000e+00  9.9438912e-01 -1.6975756e-01  2.8568625e-01
 -1.0215168e-01 -1.5700001e+00 -4.7099999e-01  2.5345463e-01
  4.9505219e-19  3.5616722e-18  8.3291463e-19  1.3291901e-18
  1.6277383e-18  4.9930230e-19  8.6187903e-19  4.7271506e-19
  1.3000000e+00  4.0660563e-01  6.5056902e-01  9.7585350e-01
 -1.8634358e-02  1.7000000e-01  1.2993665e+00  7.7220577e-01
 -1.5700001e+00  3.4823769e-01 -1.7606424e-01  1.0925574e+00
  1.0925574e+00  1.0708275e+00  1.0708275e+00  1.2655628e+00
  1.2655628e+00  1.1785603e+00  1.1785603e+00  1.3000000e+00
  4.9815366e-01  7.9704589e-01  1.1955688e+00]
[ 0.0000000e+00  0.0000000e+00  0.0000000e+00  0.0000000e+00
  0.0000000e+00  0.0000000e+00  0.0000000e+00  0.0000000e+00
  0.0000000e+00  0.0000000e+00  0.0000000e+00  0.0000000e+00
  0.0000000e+00  9.9108750e-01 -1.6979606e-01  2.8957847e-01
 -9.8250538e-02 -1.5700001e+00 -4.7099999e-01  2.5092471e-01
  2.4752610e-19  1.7808361e-18  1.7002764e-18  6.6459506e-19
  2.0614191e-18  1.3666640e-18  1.7292408e-18  1.3400767e-18
  1.3000000e+00  4.0660560e-01  6.5056896e-01  9.7585344e-01
 -4.2949054e-02  1.7000000e-01  1.2994131e+00  7.6740962e-01
 -1.5700001e+00  3.4826541e-01 -1.6068411e-01  1.0889833e+00
  1.0889833e+00  1.0616171e+00  1.0616171e+00  1.2595640e+00
  1.2595640e+00  1.1750027e+00  1.1750027e+00  1.3000000e+00
  4.9907684e-01  7.9852295e-01  1.1977844e+00]
[ 0.0000000e+00  0.0000000e+00  0.0000000e+00  0.0000000e+00
  0.0000000e+00  0.0000000e+00  0.0000000e+00  0.0000000e+00
  0.0000000e+00  0.0000000e+00  0.0000000e+00  0.0000000e+00
  0.0000000e+00  9.8734552e-01 -1.6982345e-01  2.9362437e-01
 -9.4489604e-02 -1.5700001e+00 -4.7099999e-01  2.4929267e-01
  1.1148878e-18  8.9041805e-19  8.5013818e-19  3.3229753e-19
  1.0307095e-18  6.8333199e-19  8.6462041e-19  3.1310873e-18
  1.3000000e+00  4.0660554e-01  6.5056890e-01  9.7585332e-01
 -7.1423411e-02  1.6999467e-01  1.2995597e+00  7.6065195e-01
 -1.5699481e+00  3.4844905e-01 -1.4330781e-01  1.0873243e+00
  1.0873243e+00  1.0533737e+00  1.0533737e+00  1.2545897e+00
  1.2545897e+00  1.1722275e+00  1.1722275e+00  1.3000000e+00
  4.9953842e-01  7.9926145e-01  1.1988922e+00]
[ 0.00000000e+00  0.00000000e+00  0.00000000e+00  0.00000000e+00
  0.00000000e+00  0.00000000e+00  0.00000000e+00  0.00000000e+00
  0.00000000e+00  0.00000000e+00  0.00000000e+00  0.00000000e+00
  0.00000000e+00  9.83352959e-01 -1.69843182e-01  2.97724932e-01
 -9.10566002e-02 -1.57000005e+00 -4.70999986e-01  2.48559028e-01
  1.05914346e-18  8.45897125e-19  1.11034666e-18  5.92506061e-19
  9.87341494e-19  6.49165399e-19  8.64620410e-19  2.97453300e-18
  1.29999995e+00  4.06605542e-01  6.50568902e-01  9.75853324e-01
 -1.15662448e-01  1.69965893e-01  1.29966986e+00  7.48155355e-01
 -1.56961119e+00  3.27280194e-01 -1.12703115e-01  1.08568966e+00
  1.08568966e+00  1.04676282e+00  1.04676282e+00  1.25095880e+00
  1.25095880e+00  1.17034173e+00  1.17034173e+00  1.29999995e+00
  4.99769211e-01  7.99630761e-01  1.19944608e+00]
[ 0.0000000e+00  0.0000000e+00  0.0000000e+00  0.0000000e+00
  0.0000000e+00  0.0000000e+00  0.0000000e+00  0.0000000e+00
  0.0000000e+00  0.0000000e+00  0.0000000e+00  0.0000000e+00
  0.0000000e+00  9.7906244e-01 -1.6985717e-01  3.0187035e-01
 -8.7793797e-02 -1.5700001e+00 -4.7099999e-01  2.4864526e-01
  1.2326157e-18  8.4589712e-19  1.1103467e-18  6.7924220e-19
  1.1608139e-18  6.4916540e-19  8.2138937e-19  2.8877967e-18
  1.3000000e+00  4.0660554e-01  6.5056884e-01  9.7585332e-01
 -1.6226107e-01  1.6994385e-01  1.2997524e+00  7.3394090e-01
 -1.5693847e+00  3.0307612e-01 -7.7210590e-02  1.0833122e+00
  1.0833122e+00  1.0414164e+00  1.0414164e+00  1.2479587e+00
  1.2479587e+00  1.1686939e+00  1.1686939e+00  1.3000000e+00
  4.9988461e-01  7.9981536e-01  1.1997230e+00]
[ 0.0000000e+00  0.0000000e+00  0.0000000e+00  0.0000000e+00
  0.0000000e+00  0.0000000e+00  0.0000000e+00  0.0000000e+00
  0.0000000e+00  0.0000000e+00  0.0000000e+00  0.0000000e+00
  0.0000000e+00  9.7449690e-01 -1.6986713e-01  3.0599701e-01
 -8.4636576e-02 -1.5700001e+00 -4.7099999e-01  2.4956417e-01
  2.1281209e-18  4.2294856e-19  5.5517333e-19  6.7924220e-19
  5.8040694e-19  3.2458270e-19  3.5641918e-18  3.8114452e-18
  1.3000000e+00  4.0660548e-01  6.5056878e-01  9.7585320e-01
 -2.1060082e-01  1.6992296e-01  1.2998142e+00  7.1746552e-01
 -1.5692130e+00  2.7609536e-01 -3.5483491e-02  1.0803978e+00
  1.0803978e+00  1.0376657e+00  1.0376657e+00  1.2454312e+00
  1.2454312e+00  1.1672412e+00  1.1672412e+00  1.3000000e+00
  4.9994230e-01  7.9990768e-01  1.1998615e+00]
[ 0.0000000e+00  0.0000000e+00  0.0000000e+00  0.0000000e+00
  0.0000000e+00  0.0000000e+00  0.0000000e+00  0.0000000e+00
  0.0000000e+00  0.0000000e+00  0.0000000e+00  0.0000000e+00
  0.0000000e+00  9.6979886e-01 -1.6987453e-01  3.1000543e-01
 -8.1855252e-02 -1.5700001e+00 -4.7099999e-01  2.5154260e-01
  1.0640604e-18  2.1147428e-19  1.4225351e-18  3.3962110e-19
  2.9020347e-19  1.6229135e-19  2.6968299e-18  1.9057226e-18
  1.3000000e+00  4.0660548e-01  6.5056878e-01  9.7585315e-01
 -2.5980929e-01  1.6990179e-01  1.2998607e+00  6.9722396e-01
 -1.5690678e+00  2.4629429e-01  1.5534527e-02  1.0761575e+00
  1.0761575e+00  1.0345731e+00  1.0345731e+00  1.2434145e+00
  1.2434145e+00  1.1660215e+00  1.1660215e+00  1.3000000e+00
  4.9985754e-01  7.9977208e-01  1.1996582e+00]
[ 0.0000000e+00  0.0000000e+00  0.0000000e+00  0.0000000e+00
  0.0000000e+00  0.0000000e+00  0.0000000e+00  0.0000000e+00
  0.0000000e+00  0.0000000e+00  0.0000000e+00  0.0000000e+00
  0.0000000e+00  9.6487015e-01 -1.6987988e-01  3.1391391e-01
 -7.9339154e-02 -1.5700001e+00 -4.7099999e-01  2.5462317e-01
  1.0640604e-18  2.1147428e-19  1.4225351e-18  3.3962110e-19
  2.9020347e-19  1.6229135e-19  2.6968299e-18  1.9057226e-18
  1.3000000e+00  4.0660548e-01  6.5056878e-01  9.7585315e-01
 -3.0903676e-01  1.6988756e-01  1.2998955e+00  6.7206848e-01
 -1.5690029e+00  2.1359023e-01  7.8189760e-02  1.0705333e+00
  1.0705333e+00  1.0321329e+00  1.0321329e+00  1.2417758e+00
  1.2417758e+00  1.1651309e+00  1.1651309e+00  1.3000000e+00
  4.9965549e-01  7.9944879e-01  1.1991732e+00]
[ 0.0000000e+00  0.0000000e+00  0.0000000e+00  0.0000000e+00
  0.0000000e+00  0.0000000e+00  0.0000000e+00  0.0000000e+00
  0.0000000e+00  0.0000000e+00  0.0000000e+00  0.0000000e+00
  0.0000000e+00  9.5965087e-01 -1.6988353e-01  3.1773895e-01
 -7.7077962e-02 -1.5700001e+00 -4.7099999e-01  2.5892833e-01
  5.3203021e-19  1.0788360e-18  7.1126753e-19  1.6981055e-19
  1.4510174e-19  3.2700555e-18  3.5929909e-18  2.8018837e-18
  1.3000000e+00  4.0660548e-01  6.5056878e-01  9.7585315e-01
 -3.5867664e-01  1.6987900e-01  1.2999216e+00  6.4123452e-01
 -1.5689996e+00  1.7684692e-01  1.5460432e-01  1.0656406e+00
  1.0656406e+00  1.0313175e+00  1.0313175e+00  1.2407719e+00
  1.2407719e+00  1.1646917e+00  1.1646917e+00  1.3000000e+00
  4.9965277e-01  7.9944444e-01  1.1991667e+00]
[ 0.0000000e+00  0.0000000e+00  0.0000000e+00  0.0000000e+00
  0.0000000e+00  0.0000000e+00  0.0000000e+00  0.0000000e+00
  0.0000000e+00  0.0000000e+00  0.0000000e+00  0.0000000e+00
  0.0000000e+00  9.5460916e-01 -1.6988736e-01  3.2118326e-01
 -7.5714707e-02 -1.5700001e+00 -4.7099999e-01  2.6468655e-01
  5.3203021e-19  1.0788360e-18  7.1126753e-19  1.6981055e-19
  1.4510174e-19  3.2700555e-18  3.5929909e-18  2.8018837e-18
  1.3000000e+00  4.0660548e-01  6.5056878e-01  9.7585315e-01
 -4.0796912e-01  1.6987830e-01  1.2999412e+00  6.0397929e-01
 -1.5690625e+00  1.3661022e-01  2.4694705e-01  1.0613989e+00
  1.0613989e+00  1.0332391e+00  1.0332391e+00  1.2403009e+00
  1.2403009e+00  1.1644297e+00  1.1644297e+00  1.3000000e+00
  4.9982640e-01  7.9972225e-01  1.1995833e+00]
[ 0.0000000e+00  0.0000000e+00  0.0000000e+00  0.0000000e+00
  0.0000000e+00  0.0000000e+00  0.0000000e+00  0.0000000e+00
  0.0000000e+00  0.0000000e+00  0.0000000e+00  0.0000000e+00
  0.0000000e+00  9.4999951e-01 -1.6989219e-01  3.2406959e-01
 -7.5355940e-02 -1.5700001e+00 -4.7099999e-01  2.7164760e-01
  5.3203021e-19  1.0788360e-18  7.1126753e-19  1.6981055e-19
  1.4510174e-19  3.2700555e-18  3.5929909e-18  2.8018837e-18
  1.3000000e+00  4.0660548e-01  6.5056878e-01  9.7585315e-01
 -4.5643374e-01  1.6988592e-01  1.2999560e+00  5.6061965e-01
 -1.5691800e+00  9.3068972e-02  3.5494685e-01  1.0575840e+00
  1.0575840e+00  1.0358198e+00  1.0358198e+00  1.2400529e+00
  1.2400529e+00  1.1641511e+00  1.1641511e+00  1.3000000e+00
  4.9991319e-01  7.9986113e-01  1.1997917e+00]
[ 0.0000000e+00  0.0000000e+00  0.0000000e+00  0.0000000e+00
  0.0000000e+00  0.0000000e+00  0.0000000e+00  0.0000000e+00
  0.0000000e+00  0.0000000e+00  0.0000000e+00  0.0000000e+00
  0.0000000e+00  9.4602054e-01 -1.6989839e-01  3.2628995e-01
 -7.5913429e-02 -1.5700001e+00 -4.7099999e-01  2.7935535e-01
  2.2667536e-18  5.3941802e-19  7.1126753e-19  1.6981055e-19
  1.4510174e-19  4.1374172e-18  2.7256292e-18  1.4009418e-18
  1.3000000e+00  4.0660548e-01  6.5056878e-01  9.7585315e-01
 -5.0397676e-01  1.6990225e-01  1.2999669e+00  5.1155323e-01
 -1.5693374e+00  4.5763738e-02  4.7743291e-01  1.0542420e+00
  1.0542420e+00  1.0394155e+00  1.0394155e+00  1.2400360e+00
  1.2400360e+00  1.1637896e+00  1.1637896e+00  1.3000000e+00
  4.9995661e-01  7.9993057e-01  1.1998959e+00]
[ 0.0000000e+00  0.0000000e+00  0.0000000e+00  0.0000000e+00
  0.0000000e+00  0.0000000e+00  0.0000000e+00  0.0000000e+00
  0.0000000e+00  0.0000000e+00  0.0000000e+00  0.0000000e+00
  0.0000000e+00  9.4286972e-01 -1.6990606e-01  3.2778373e-01
 -7.7353530e-02 -1.5700001e+00 -4.7099999e-01  2.8736028e-01
  2.2667536e-18  5.3941802e-19  7.1126753e-19  1.6981055e-19
  1.4510174e-19  4.1374172e-18  2.7256292e-18  1.4009418e-18
  1.3000000e+00  4.0660548e-01  6.5056878e-01  9.7585315e-01
 -5.4920775e-01  1.6992669e-01  1.2999483e+00  4.5974696e-01
 -1.5695029e+00 -3.0066292e-03  6.0734314e-01  1.0525981e+00
  1.0525981e+00  1.0432597e+00  1.0432597e+00  1.2401412e+00
  1.2401412e+00  1.1634438e+00  1.1634438e+00  1.3000000e+00
  4.9997830e-01  7.9996526e-01  1.1999480e+00]
[ 0.0000000e+00  0.0000000e+00  0.0000000e+00  0.0000000e+00
  0.0000000e+00  0.0000000e+00  0.0000000e+00  0.0000000e+00
  0.0000000e+00  0.0000000e+00  0.0000000e+00  0.0000000e+00
  0.0000000e+00  9.4061893e-01 -1.6991501e-01  3.2855392e-01
 -7.9530753e-02 -1.5700001e+00 -4.7099999e-01  2.9519936e-01
  2.1532169e-18  5.1239972e-19  6.7585666e-19  2.2229419e-19
  2.3777149e-19  4.0506811e-18  2.6418598e-18  1.3310472e-18
  1.3000000e+00  4.0660548e-01  6.5056872e-01  9.7585315e-01
 -5.9255594e-01  1.6993037e-01  1.2999613e+00  4.2085785e-01
 -1.5696273e+00 -4.9392711e-02  7.0850736e-01  1.0548928e+00
  1.0548928e+00  1.0500910e+00  1.0500910e+00  1.2404730e+00
  1.2404730e+00  1.1632794e+00  1.1632794e+00  1.3000000e+00
  4.9998915e-01  7.9998267e-01  1.1999739e+00]
[ 0.0000000e+00  0.0000000e+00  0.0000000e+00  0.0000000e+00
  0.0000000e+00  0.0000000e+00  0.0000000e+00  0.0000000e+00
  0.0000000e+00  0.0000000e+00  0.0000000e+00  0.0000000e+00
  0.0000000e+00  9.3922013e-01 -1.6983578e-01  3.2844338e-01
 -8.2027294e-02 -1.5700001e+00 -4.7099999e-01  3.0214614e-01
  2.1532169e-18  5.1239972e-19  6.7585666e-19  2.2229419e-19
  2.3777149e-19  4.0506811e-18  2.6418598e-18  1.3310472e-18
  1.3000000e+00  4.0660548e-01  6.5056872e-01  9.7585315e-01
 -6.3171256e-01  1.6992804e-01  1.2999710e+00  3.9200747e-01
 -1.5696954e+00 -9.1925099e-02  7.8438056e-01  1.0654995e+00
  1.0654995e+00  1.0596750e+00  1.0596750e+00  1.2408901e+00
  1.2408901e+00  1.1632992e+00  1.1632992e+00  1.3000000e+00
  4.9999458e-01  7.9999131e-01  1.1999869e+00]
[ 0.0000000e+00  0.0000000e+00  0.0000000e+00  0.0000000e+00
  0.0000000e+00  0.0000000e+00  0.0000000e+00  0.0000000e+00
  0.0000000e+00  0.0000000e+00  0.0000000e+00  0.0000000e+00
  0.0000000e+00  9.3855059e-01 -1.6980390e-01  3.2788453e-01
 -8.4595554e-02 -1.5700001e+00 -4.7099999e-01  3.0820414e-01
  2.1532169e-18  5.1239972e-19  6.7585666e-19  2.2229419e-19
  2.3777149e-19  4.0506811e-18  2.6418598e-18  1.3310472e-18
  1.3000000e+00  4.0660548e-01  6.5056872e-01  9.7585315e-01
 -6.6634846e-01  1.6992670e-01  1.2999783e+00  3.6956096e-01
 -1.5697107e+00 -1.3175085e-01  8.4128541e-01  1.0727992e+00
  1.0727992e+00  1.0672523e+00  1.0672523e+00  1.2413131e+00
  1.2413131e+00  1.1633350e+00  1.1633350e+00  1.3000000e+00
  4.9999729e-01  7.9999566e-01  1.1999935e+00]
[ 0.0000000e+00  0.0000000e+00  0.0000000e+00  0.0000000e+00
  0.0000000e+00  0.0000000e+00  0.0000000e+00  0.0000000e+00
  0.0000000e+00  0.0000000e+00  0.0000000e+00  0.0000000e+00
  0.0000000e+00  9.3863285e-01 -1.6980734e-01  3.2689470e-01
 -8.7339260e-02 -1.5700001e+00 -4.7099999e-01  3.1342372e-01
  2.1532169e-18  5.1239972e-19  6.7585666e-19  2.2229419e-19
  2.3777149e-19  4.0506811e-18  2.6418598e-18  1.3310472e-18
  1.3000000e+00  4.0660548e-01  6.5056872e-01  9.7585315e-01
 -6.9626546e-01  1.6992465e-01  1.2999836e+00  3.5113192e-01
 -1.5697097e+00 -1.6937371e-01  8.8396406e-01  1.0775133e+00
  1.0775133e+00  1.0726001e+00  1.0726001e+00  1.2417450e+00
  1.2417450e+00  1.1635916e+00  1.1635916e+00  1.3000000e+00
  4.9999863e-01  7.9999781e-01  1.1999967e+00]
[ 0.0000000e+00  0.0000000e+00  0.0000000e+00  0.0000000e+00
  0.0000000e+00  0.0000000e+00  0.0000000e+00  0.0000000e+00
  0.0000000e+00  0.0000000e+00  0.0000000e+00  0.0000000e+00
  0.0000000e+00  9.3917453e-01 -1.6982797e-01  3.2563680e-01
 -8.9766681e-02 -1.5700001e+00 -4.7099999e-01  3.1756812e-01
  2.1532169e-18  5.1239972e-19  6.7585666e-19  2.2229419e-19
  2.3777149e-19  4.0506811e-18  2.6418598e-18  1.3310472e-18
  1.3000000e+00  4.0660548e-01  6.5056872e-01  9.7585315e-01
 -7.2091049e-01  1.6992301e-01  1.2999878e+00  3.3535317e-01
 -1.5697109e+00 -2.0444146e-01  9.1597301e-01  1.0809429e+00
  1.0809429e+00  1.0754882e+00  1.0754882e+00  1.2422514e+00
  1.2422514e+00  1.1640654e+00  1.1640654e+00  1.3000000e+00
  4.9999931e-01  7.9999894e-01  1.1999984e+00]
[ 0.0000000e+00  0.0000000e+00  0.0000000e+00  0.0000000e+00
  0.0000000e+00  0.0000000e+00  0.0000000e+00  0.0000000e+00
  0.0000000e+00  0.0000000e+00  0.0000000e+00  0.0000000e+00
  0.0000000e+00  9.4039017e-01 -1.6986454e-01  3.2406846e-01
 -9.2431717e-02 -1.5700001e+00 -4.7099999e-01  3.2105929e-01
  2.1532169e-18  5.1239972e-19  6.7585666e-19  2.2229419e-19
  2.3777149e-19  4.0506811e-18  2.6418598e-18  1.3310472e-18
  1.3000000e+00  4.0660548e-01  6.5056872e-01  9.7585315e-01
 -7.4014682e-01  1.6991974e-01  1.2999908e+00  3.2146624e-01
 -1.5697021e+00 -2.3675606e-01  9.3997979e-01  1.0822258e+00
  1.0822258e+00  1.0758176e+00  1.0758176e+00  1.2425538e+00
  1.2425538e+00  1.1644011e+00  1.1644011e+00  1.3000000e+00
  4.9999967e-01  7.9999948e-01  1.1999992e+00]
[ 0.0000000e+00  0.0000000e+00  0.0000000e+00  0.0000000e+00
  0.0000000e+00  0.0000000e+00  0.0000000e+00  0.0000000e+00
  0.0000000e+00  0.0000000e+00  0.0000000e+00  0.0000000e+00
  0.0000000e+00  9.4172651e-01 -1.6989331e-01  3.2254130e-01
 -9.4852157e-02 -1.5700001e+00 -4.7099999e-01  3.2395592e-01
  2.1532169e-18  5.1239972e-19  6.7585666e-19  2.2229419e-19
  2.3777149e-19  4.0506811e-18  2.6418598e-18  1.3310472e-18
  1.3000000e+00  4.0660548e-01  6.5056872e-01  9.7585315e-01
 -7.5421697e-01  1.6991307e-01  1.2999932e+00  3.0914268e-01
 -1.5696741e+00 -2.6623690e-01  9.5798481e-01  1.0863863e+00
  1.0863863e+00  1.0762748e+00  1.0762748e+00  1.2433683e+00
  1.2433683e+00  1.1654185e+00  1.1654185e+00  1.3000000e+00
  4.9999982e-01  7.9999971e-01  1.1999996e+00]
[ 0.0000000e+00  0.0000000e+00  0.0000000e+00  0.0000000e+00
  0.0000000e+00  0.0000000e+00  0.0000000e+00  0.0000000e+00
  0.0000000e+00  0.0000000e+00  0.0000000e+00  0.0000000e+00
  0.0000000e+00  9.4326508e-01 -1.6991949e-01  3.2097971e-01
 -9.7338155e-02 -1.5700001e+00 -4.7099999e-01  3.2655993e-01
  2.1532169e-18  5.1239972e-19  6.7585666e-19  2.2229419e-19
  2.3777149e-19  4.0506811e-18  2.6418598e-18  1.3310472e-18
  1.3000000e+00  4.0660548e-01  6.5056872e-01  9.7585315e-01
 -7.6265240e-01  1.6990151e-01  1.2999948e+00  2.9842669e-01
 -1.5696175e+00 -2.9217440e-01  9.7147602e-01  1.0907091e+00
  1.0907091e+00  1.0776705e+00  1.0776705e+00  1.2442085e+00
  1.2442085e+00  1.1664497e+00  1.1664497e+00  1.3000000e+00
  4.9999991e-01  7.9999989e-01  1.1999998e+00]
[ 0.00000000e+00  0.00000000e+00  0.00000000e+00  0.00000000e+00
  0.00000000e+00  0.00000000e+00  0.00000000e+00  0.00000000e+00
  0.00000000e+00  0.00000000e+00  0.00000000e+00  0.00000000e+00
  0.00000000e+00  9.45034325e-01 -1.69939622e-01  3.19339126e-01
 -1.00053646e-01 -1.57000005e+00 -4.70999986e-01  3.29035133e-01
  3.88338219e-18  2.27526677e-18  7.04000133e-19  1.08965598e-18
  7.41811179e-19  2.02534056e-18  3.38681182e-18  6.65523620e-19
  1.29999995e+00  4.06605452e-01  6.50568724e-01  9.75853086e-01
 -7.65871823e-01  1.69883937e-01  1.29999614e+00  2.89383143e-01
 -1.56952560e+00 -3.13911974e-01  9.81585860e-01  1.09838521e+00
  1.09838521e+00  1.08257508e+00  1.08257508e+00  1.24497521e+00
  1.24497521e+00  1.16751623e+00  1.16751623e+00  1.29999995e+00
  4.99999970e-01  7.99999952e-01  1.19999993e+00]
[ 0.0000000e+00  0.0000000e+00  0.0000000e+00  0.0000000e+00
  0.0000000e+00  0.0000000e+00  0.0000000e+00  0.0000000e+00
  0.0000000e+00  0.0000000e+00  0.0000000e+00  0.0000000e+00
  0.0000000e+00  9.4700772e-01 -1.6995472e-01  3.1764323e-01
 -1.0292697e-01 -1.5700001e+00 -4.7099999e-01  3.3135530e-01
  3.8833822e-18  2.2752668e-18  7.0400013e-19  1.0896560e-18
  7.4181118e-19  2.0253406e-18  3.3868118e-18  6.6552362e-19
  1.3000000e+00  4.0660545e-01  6.5056872e-01  9.7585309e-01
 -7.6521039e-01  1.6985969e-01  1.2999971e+00  2.8204128e-01
 -1.5693944e+00 -3.3099172e-01  9.8916560e-01  1.1073935e+00
  1.1073935e+00  1.0878769e+00  1.0878769e+00  1.2456901e+00
  1.2456901e+00  1.1686323e+00  1.1686323e+00  1.3000000e+00
  4.9999997e-01  7.9999995e-01  1.1999999e+00]
[ 0.00000000e+00  0.00000000e+00  0.00000000e+00  0.00000000e+00
  0.00000000e+00  0.00000000e+00  0.00000000e+00  0.00000000e+00
  0.00000000e+00  0.00000000e+00  0.00000000e+00  0.00000000e+00
  0.00000000e+00  9.49198186e-01 -1.69966042e-01  3.15893888e-01
 -1.05959624e-01 -1.57000005e+00 -4.70999986e-01  3.33538085e-01
  6.48546741e-18  4.00999004e-18  3.52000066e-19  1.08965598e-18
  7.41811179e-19  1.01267028e-18  1.69340591e-18  3.32761810e-19
  1.29999995e+00  4.06605452e-01  6.50568724e-01  9.75853086e-01
 -7.62064278e-01  1.69830009e-01  1.29999781e+00  2.76418418e-01
 -1.56923056e+00 -3.43478680e-01  9.94852960e-01  1.11534142e+00
  1.11534142e+00  1.09267342e+00  1.09267342e+00  1.24639511e+00
  1.24639511e+00  1.16974461e+00  1.16974461e+00  1.29999995e+00
  5.00000000e-01  8.00000012e-01  1.19999993e+00]
[ 0.00000000e+00  0.00000000e+00  0.00000000e+00  0.00000000e+00
  0.00000000e+00  0.00000000e+00  0.00000000e+00  0.00000000e+00
  0.00000000e+00  0.00000000e+00  0.00000000e+00  0.00000000e+00
  0.00000000e+00  9.51569438e-01 -1.69974521e-01  3.14118147e-01
 -1.09086595e-01 -1.57000005e+00 -4.70999986e-01  3.35566074e-01
  6.16062407e-18  3.80913818e-18  3.34369125e-19  1.08965598e-18
  1.01240341e-18  9.78202493e-19  1.61203718e-18  3.32761810e-19
  1.29999995e+00  4.06605452e-01  6.50568724e-01  9.75853086e-01
 -7.58013189e-01  1.69797137e-01  1.29999840e+00  2.72524685e-01
 -1.56904602e+00 -3.52061719e-01  9.99124944e-01  1.12062788e+00
  1.12062788e+00  1.09545267e+00  1.09545267e+00  1.24700475e+00
  1.24700475e+00  1.17067087e+00  1.17067087e+00  1.29999995e+00
  5.00000000e-01  8.00000012e-01  1.19999993e+00]
[ 0.0000000e+00  0.0000000e+00  0.0000000e+00  0.0000000e+00
  0.0000000e+00  0.0000000e+00  0.0000000e+00  0.0000000e+00
  0.0000000e+00  0.0000000e+00  0.0000000e+00  0.0000000e+00
  0.0000000e+00  9.5403129e-01 -1.6998090e-01  3.1234699e-01
 -1.1219644e-01 -1.5700001e+00 -4.7099999e-01  3.3742526e-01
  5.8915153e-18  3.6183465e-18  3.1795561e-19  1.1300696e-18
  9.6169424e-19  9.2920641e-19  1.6987733e-18  3.1609446e-19
  1.3000000e+00  4.0660545e-01  6.5056872e-01  9.7585309e-01
 -7.5432640e-01  1.6976313e-01  1.2999988e+00  2.7035406e-01
 -1.5688511e+00 -3.5747620e-01  1.0023382e+00  1.1239178e+00
  1.1239178e+00  1.0973476e+00  1.0973476e+00  1.2475479e+00
  1.2475479e+00  1.1714184e+00  1.1714184e+00  1.3000000e+00
  5.0000000e-01  8.0000001e-01  1.2000000e+00]
[ 0.0000000e+00  0.0000000e+00  0.0000000e+00  0.0000000e+00
  0.0000000e+00  0.0000000e+00  0.0000000e+00  0.0000000e+00
  0.0000000e+00  0.0000000e+00  0.0000000e+00  0.0000000e+00
  0.0000000e+00  9.5648640e-01 -1.6998567e-01  3.1062359e-01
 -1.1524308e-01 -1.5700001e+00 -4.7099999e-01  3.3916464e-01
  5.5969394e-18  3.4374293e-18  3.0205782e-19  1.0735662e-18
  1.1785347e-18  1.1026788e-18  1.6138346e-18  3.0028975e-19
  1.3000000e+00  4.0660545e-01  6.5056872e-01  9.7585303e-01
 -7.5124729e-01  1.6972865e-01  1.2999991e+00  2.7031520e-01
 -1.5686461e+00 -3.5957706e-01  1.0047536e+00  1.1246337e+00
  1.1246337e+00  1.0981877e+00  1.0981877e+00  1.2477978e+00
  1.2477978e+00  1.1717280e+00  1.1717280e+00  1.3000000e+00
  5.0000000e-01  8.0000001e-01  1.2000000e+00]
[ 0.0000000e+00  0.0000000e+00  0.0000000e+00  0.0000000e+00
  0.0000000e+00  0.0000000e+00  0.0000000e+00  0.0000000e+00
  0.0000000e+00  0.0000000e+00  0.0000000e+00  0.0000000e+00
  0.0000000e+00  9.5889902e-01 -1.6998926e-01  3.0896643e-01
 -1.1825846e-01 -1.5700001e+00 -4.7099999e-01  3.4084764e-01
  5.5969394e-18  3.4374293e-18  3.0205782e-19  1.0735662e-18
  1.1785347e-18  1.1026788e-18  1.6138346e-18  3.0028975e-19
  1.3000000e+00  4.0660545e-01  6.5056872e-01  9.7585303e-01
 -7.4811703e-01  1.6979650e-01  1.2999959e+00  2.7291232e-01
 -1.5689845e+00 -3.5831523e-01  1.0065621e+00  1.1250103e+00
  1.1250103e+00  1.0993010e+00  1.0993010e+00  1.2480943e+00
  1.2480943e+00  1.1720918e+00  1.1720918e+00  1.3000000e+00
  5.0000000e-01  8.0000001e-01  1.2000000e+00]
[ 0.0000000e+00  0.0000000e+00  0.0000000e+00  0.0000000e+00
  0.0000000e+00  0.0000000e+00  0.0000000e+00  0.0000000e+00
  0.0000000e+00  0.0000000e+00  0.0000000e+00  0.0000000e+00
  0.0000000e+00  9.6121645e-01 -1.6999194e-01  3.0744243e-01
 -1.2113475e-01 -1.5700001e+00 -4.7099999e-01  3.4235036e-01
  5.5969394e-18  3.4374293e-18  3.0205782e-19  1.0735662e-18
  1.1785347e-18  1.1026788e-18  1.6138346e-18  3.0028975e-19
  1.3000000e+00  4.0660545e-01  6.5056872e-01  9.7585303e-01
 -7.4445814e-01  1.6984737e-01  1.2999969e+00  2.7849528e-01
 -1.5692384e+00 -3.5232818e-01  1.0079207e+00  1.1249655e+00
  1.1249655e+00  1.1006151e+00  1.1006151e+00  1.2484283e+00
  1.2484283e+00  1.1725036e+00  1.1725036e+00  1.3000000e+00
  5.0000000e-01  8.0000001e-01  1.2000000e+00]
[ 0.0000000e+00  0.0000000e+00  0.0000000e+00  0.0000000e+00
  0.0000000e+00  0.0000000e+00  0.0000000e+00  0.0000000e+00
  0.0000000e+00  0.0000000e+00  0.0000000e+00  0.0000000e+00
  0.0000000e+00  9.6345317e-01 -1.6999395e-01  3.0603293e-01
 -1.2392182e-01 -1.5700001e+00 -4.7099999e-01  3.4369928e-01
  5.5969394e-18  3.4374293e-18  3.0205782e-19  1.0735662e-18
  1.1785347e-18  1.1026788e-18  1.6138346e-18  3.0028975e-19
  1.3000000e+00  4.0660545e-01  6.5056872e-01  9.7585303e-01
 -7.3996949e-01  1.6988553e-01  1.2999977e+00  2.8722718e-01
 -1.5694288e+00 -3.4139025e-01  1.0089406e+00  1.1248666e+00
  1.1248666e+00  1.1019588e+00  1.1019588e+00  1.2487857e+00
  1.2487857e+00  1.1729665e+00  1.1729665e+00  1.3000000e+00
  5.0000000e-01  8.0000001e-01  1.2000000e+00]
[ 0.0000000e+00  0.0000000e+00  0.0000000e+00  0.0000000e+00
  0.0000000e+00  0.0000000e+00  0.0000000e+00  0.0000000e+00
  0.0000000e+00  0.0000000e+00  0.0000000e+00  0.0000000e+00
  0.0000000e+00  9.6554118e-01 -1.6999286e-01  3.0484623e-01
 -1.2653261e-01 -1.5700001e+00 -4.7099999e-01  3.4520128e-01
  5.5969394e-18  3.4374293e-18  3.0205782e-19  1.0735662e-18
  1.1785347e-18  1.1026788e-18  1.6138346e-18  3.0028975e-19
  1.3000000e+00  4.0660545e-01  6.5056872e-01  9.7585303e-01
 -7.4472862e-01  1.6991414e-01  1.2999346e+00  3.3200043e-01
 -1.5695716e+00 -3.2497790e-01  9.4175470e-01  1.1248133e+00
  1.1248133e+00  1.1031907e+00  1.1031907e+00  1.2491426e+00
  1.2491426e+00  1.1734452e+00  1.1734452e+00  1.3000000e+00
  5.0000000e-01  8.0000001e-01  1.2000000e+00]
[ 0.0000000e+00  0.0000000e+00  0.0000000e+00  0.0000000e+00
  0.0000000e+00  0.0000000e+00  0.0000000e+00  0.0000000e+00
  0.0000000e+00  0.0000000e+00  0.0000000e+00  0.0000000e+00
  0.0000000e+00  9.6751767e-01 -1.6999178e-01  3.0372289e-01
 -1.2897258e-01 -1.5700001e+00 -4.7099999e-01  3.4650317e-01
  5.5969394e-18  3.4374293e-18  3.0205782e-19  1.0735662e-18
  1.1785347e-18  1.1026788e-18  1.6138346e-18  3.0028975e-19
  1.3000000e+00  4.0660545e-01  6.5056872e-01  9.7585303e-01
 -7.3468900e-01  1.6993292e-01  1.2999510e+00  3.5599285e-01
 -1.5696781e+00 -2.9835564e-01  9.1541159e-01  1.1247358e+00
  1.1247358e+00  1.1042383e+00  1.1042383e+00  1.2495159e+00
  1.2495159e+00  1.1739426e+00  1.1739426e+00  1.3000000e+00
  5.0000000e-01  8.0000001e-01  1.2000000e+00]
[ 0.0000000e+00  0.0000000e+00  0.0000000e+00  0.0000000e+00
  0.0000000e+00  0.0000000e+00  0.0000000e+00  0.0000000e+00
  0.0000000e+00  0.0000000e+00  0.0000000e+00  0.0000000e+00
  0.0000000e+00  9.7129726e-01 -1.6999383e-01  3.0103129e-01
 -1.3507980e-01 -1.5700001e+00 -4.7099933e-01  3.4856346e-01
  5.5969394e-18  3.4374293e-18  3.0205782e-19  1.0735662e-18
  1.1785347e-18  1.1026788e-18  1.6138346e-18  3.0028975e-19
  1.3000000e+00  4.0660545e-01  6.5056872e-01  9.7585303e-01
 -7.2902185e-01  1.6994543e-01  1.2999603e+00  4.0113389e-01
 -1.5697579e+00 -2.6800519e-01  8.4719270e-01  1.1246201e+00
  1.1246201e+00  1.1050329e+00  1.1050329e+00  1.2498941e+00
  1.2498941e+00  1.1744283e+00  1.1744283e+00  1.3000000e+00
  5.0000000e-01  8.0000001e-01  1.2000000e+00]
[ 0.0000000e+00  0.0000000e+00  0.0000000e+00  0.0000000e+00
  0.0000000e+00  0.0000000e+00  0.0000000e+00  0.0000000e+00
  0.0000000e+00  0.0000000e+00  0.0000000e+00  0.0000000e+00
  0.0000000e+00  9.7726220e-01 -1.6999537e-01  2.9645833e-01
 -1.4573930e-01 -1.5699959e+00 -4.7098801e-01  3.5206974e-01
  5.5969394e-18  3.4374293e-18  3.0205782e-19  1.0735662e-18
  1.1785347e-18  1.1026788e-18  1.6138346e-18  3.0028975e-19
  1.3000000e+00  4.0660545e-01  6.5056872e-01  9.7585303e-01
 -7.1383488e-01  1.6995870e-01  1.2999701e+00  4.2885563e-01
 -1.5698184e+00 -2.3077704e-01  8.1161404e-01  1.1245016e+00
  1.1245016e+00  1.1056902e+00  1.1056902e+00  1.2502679e+00
  1.2502679e+00  1.1748794e+00  1.1748794e+00  1.3000000e+00
  5.0000000e-01  8.0000001e-01  1.2000000e+00]
[ 0.0000000e+00  0.0000000e+00  0.0000000e+00  0.0000000e+00
  0.0000000e+00  0.0000000e+00  0.0000000e+00  0.0000000e+00
  0.0000000e+00  0.0000000e+00  0.0000000e+00  0.0000000e+00
  0.0000000e+00  9.8592430e-01 -1.6999653e-01  2.8857052e-01
 -1.6139744e-01 -1.5699856e+00 -4.7096115e-01  3.5816464e-01
  5.5969394e-18  3.4374293e-18  3.0205782e-19  1.0735662e-18
  1.1785347e-18  1.1026788e-18  1.6138346e-18  3.0028975e-19
  1.3000000e+00  4.0660545e-01  6.5056872e-01  9.7585303e-01
 -7.0325428e-01  1.6988543e-01  1.2999777e+00  4.6923599e-01
 -1.5693493e+00 -1.9349909e-01  7.4885291e-01  1.1243188e+00
  1.1243188e+00  1.1056455e+00  1.1056455e+00  1.2506337e+00
  1.2506337e+00  1.1752927e+00  1.1752927e+00  1.3000000e+00
  5.0000000e-01  8.0000001e-01  1.2000000e+00]
[ 0.0000000e+00  0.0000000e+00  0.0000000e+00  0.0000000e+00
  0.0000000e+00  0.0000000e+00  0.0000000e+00  0.0000000e+00
  0.0000000e+00  0.0000000e+00  0.0000000e+00  0.0000000e+00
  0.0000000e+00  9.9763048e-01 -1.6999739e-01  2.7592078e-01
 -1.8172543e-01 -1.5699694e+00 -4.7091559e-01  3.6706758e-01
  5.5969394e-18  3.4374293e-18  3.0205782e-19  1.0735662e-18
  1.1785347e-18  1.1026788e-18  1.6138346e-18  3.0028975e-19
  1.3000000e+00  4.0660545e-01  6.5056872e-01  9.7585303e-01
 -6.8777841e-01  1.6986763e-01  1.2999833e+00  4.9323750e-01
 -1.5691954e+00 -1.5470952e-01  7.1594715e-01  1.1242598e+00
  1.1242598e+00  1.1051711e+00  1.1051711e+00  1.2509396e+00
  1.2509396e+00  1.1756114e+00  1.1756114e+00  1.3000000e+00
  5.0000000e-01  8.0000001e-01  1.2000000e+00]
[ 0.00000000e+00  0.00000000e+00  0.00000000e+00  0.00000000e+00
  0.00000000e+00  0.00000000e+00  0.00000000e+00  0.00000000e+00
  0.00000000e+00  0.00000000e+00  0.00000000e+00  0.00000000e+00
  0.00000000e+00  1.01244342e+00 -1.69998050e-01  2.57619172e-01
 -2.05773428e-01 -1.56995189e+00 -4.70855534e-01  3.77968043e-01
  5.59693936e-18  3.43742927e-18  3.02057822e-19  1.07356618e-18
  1.17853468e-18  1.10267880e-18  1.61383465e-18  3.00289749e-19
  1.29999995e+00  4.06605452e-01  6.50568724e-01  9.75853026e-01
 -6.74971700e-01  1.69871449e-01  1.29998744e+00  5.22592902e-01
 -1.56919193e+00 -1.18657045e-01  6.70531273e-01  1.12425482e+00
  1.12425482e+00  1.10432589e+00  1.10432589e+00  1.25119185e+00
  1.25119185e+00  1.17583811e+00  1.17583811e+00  1.29999995e+00
  5.00000000e-01  8.00000012e-01  1.20000005e+00]
[ 0.0000000e+00  0.0000000e+00  0.0000000e+00  0.0000000e+00
  0.0000000e+00  0.0000000e+00  0.0000000e+00  0.0000000e+00
  0.0000000e+00  0.0000000e+00  0.0000000e+00  0.0000000e+00
  0.0000000e+00  1.0301003e+00 -1.6999854e-01  2.3355779e-01
 -2.3218681e-01 -1.5699427e+00 -4.7079784e-01  3.8925332e-01
  5.5969394e-18  3.4374293e-18  3.0205782e-19  1.0735662e-18
  1.1785347e-18  1.1026788e-18  1.6138346e-18  3.0028975e-19
  1.3000000e+00  4.0660545e-01  6.5056872e-01  9.7585303e-01
 -6.5950555e-01  1.6990358e-01  1.2997857e+00  5.3789610e-01
 -1.5693940e+00 -8.4169157e-02  6.5150690e-01  1.1243030e+00
  1.1243030e+00  1.1032691e+00  1.1032691e+00  1.2513796e+00
  1.2513796e+00  1.1759497e+00  1.1759497e+00  1.3000000e+00
  5.0000000e-01  8.0000001e-01  1.2000000e+00]
[ 0.0000000e+00  0.0000000e+00  0.0000000e+00  0.0000000e+00
  0.0000000e+00  0.0000000e+00  0.0000000e+00  0.0000000e+00
  0.0000000e+00  0.0000000e+00  0.0000000e+00  0.0000000e+00
  0.0000000e+00  1.0500485e+00 -1.6999890e-01  2.0434423e-01
 -2.5947326e-01 -1.5699534e+00 -4.7077039e-01  3.9893126e-01
  5.5969394e-18  3.4374293e-18  3.0205782e-19  1.0735662e-18
  1.1785347e-18  1.1026788e-18  1.6138346e-18  3.0028975e-19
  1.3000000e+00  4.0660545e-01  6.5056872e-01  9.7585303e-01
 -6.4673674e-01  1.6992769e-01  1.2996280e+00  5.5446154e-01
 -1.5693407e+00 -5.4583292e-02  6.2883443e-01  1.1242480e+00
  1.1242480e+00  1.1020957e+00  1.1020957e+00  1.2514894e+00
  1.2514894e+00  1.1759396e+00  1.1759396e+00  1.3000000e+00
  5.0000000e-01  8.0000001e-01  1.2000000e+00]
[ 0.0000000e+00  0.0000000e+00  0.0000000e+00  0.0000000e+00
  0.0000000e+00  0.0000000e+00  0.0000000e+00  0.0000000e+00
  0.0000000e+00  0.0000000e+00  0.0000000e+00  0.0000000e+00
  0.0000000e+00  1.0715064e+00 -1.6999918e-01  1.7117065e-01
 -2.8618708e-01 -1.5699651e+00 -4.7079751e-01  4.0507519e-01
  5.5969394e-18  3.4374293e-18  3.0205782e-19  1.0735662e-18
  1.1785347e-18  1.1026788e-18  1.6138346e-18  3.0028975e-19
  1.3000000e+00  4.0660545e-01  6.5056872e-01  9.7585303e-01
 -6.3351035e-01  1.6994576e-01  1.2996423e+00  5.6061625e-01
 -1.5695055e+00 -2.8741514e-02  6.2566149e-01  1.1244483e+00
  1.1244483e+00  1.1010585e+00  1.1010585e+00  1.2515500e+00
  1.2515500e+00  1.1758444e+00  1.1758444e+00  1.3000000e+00
  5.0000000e-01  8.0000001e-01  1.2000000e+00]
[ 0.0000000e+00  0.0000000e+00  0.0000000e+00  0.0000000e+00
  0.0000000e+00  0.0000000e+00  0.0000000e+00  0.0000000e+00
  0.0000000e+00  0.0000000e+00  0.0000000e+00  0.0000000e+00
  0.0000000e+00  1.0935885e+00 -1.6998605e-01  1.3561784e-01
 -3.1106612e-01 -1.5699738e+00 -4.7084811e-01  4.0614340e-01
  5.5969394e-18  3.4374293e-18  3.0205782e-19  1.0735662e-18
  1.1785347e-18  1.1026788e-18  1.6138346e-18  3.0028975e-19
  1.3000000e+00  4.0660545e-01  6.5056872e-01  9.7585303e-01
 -6.2233537e-01  1.6995932e-01  1.2996440e+00  5.6553406e-01
 -1.5696291e+00 -8.8725984e-03  6.2420619e-01  1.1246642e+00
  1.1246642e+00  1.1003916e+00  1.1003916e+00  1.2515894e+00
  1.2515894e+00  1.1764386e+00  1.1764386e+00  1.3000000e+00
  5.0000000e-01  8.0000001e-01  1.2000000e+00]
[ 0.0000000e+00  0.0000000e+00  0.0000000e+00  0.0000000e+00
  0.0000000e+00  0.0000000e+00  0.0000000e+00  0.0000000e+00
  0.0000000e+00  0.0000000e+00  0.0000000e+00  0.0000000e+00
  0.0000000e+00  1.1154242e+00 -1.6994739e-01  9.9337369e-02
 -3.3309621e-01 -1.5699804e+00 -4.7088608e-01  4.0115136e-01
  5.5969394e-18  3.4374293e-18  3.0205782e-19  1.0735662e-18
  1.1785347e-18  1.1026788e-18  1.6138346e-18  3.0028975e-19
  1.3000000e+00  4.0660545e-01  6.5056872e-01  9.7585303e-01
 -6.1085224e-01  1.6996950e-01  1.2996265e+00  5.6413817e-01
 -1.5697218e+00  6.5897740e-03  6.3469660e-01  1.1248708e+00
  1.1248708e+00  1.0999954e+00  1.0999954e+00  1.2516232e+00
  1.2516232e+00  1.1773785e+00  1.1773785e+00  1.3000000e+00
  5.0000000e-01  8.0000001e-01  1.2000000e+00]
[ 0.0000000e+00  0.0000000e+00  0.0000000e+00  0.0000000e+00
  0.0000000e+00  0.0000000e+00  0.0000000e+00  0.0000000e+00
  0.0000000e+00  0.0000000e+00  0.0000000e+00  0.0000000e+00
  0.0000000e+00  1.1363515e+00 -1.6990884e-01  6.3761219e-02
 -3.5158253e-01 -1.5699853e+00 -4.7091457e-01  3.8959688e-01
  5.5969394e-18  3.4374293e-18  3.0205782e-19  1.0735662e-18
  1.1785347e-18  1.1026788e-18  1.6138346e-18  3.0028975e-19
  1.3000000e+00  4.0660545e-01  6.5056872e-01  9.7585303e-01
 -5.9914523e-01  1.6997711e-01  1.2996035e+00  5.6179917e-01
 -1.5697913e+00  1.8395219e-02  6.4642608e-01  1.1256740e+00
  1.1256740e+00  1.1000866e+00  1.1000866e+00  1.2516645e+00
  1.2516645e+00  1.1784229e+00  1.1784229e+00  1.3000000e+00
  5.0000000e-01  8.0000001e-01  1.2000000e+00]
[ 0.0000000e+00  0.0000000e+00  0.0000000e+00  0.0000000e+00
  0.0000000e+00  0.0000000e+00  0.0000000e+00  0.0000000e+00
  0.0000000e+00  0.0000000e+00  0.0000000e+00  0.0000000e+00
  0.0000000e+00  1.1557859e+00 -1.6988784e-01  3.0112894e-02
 -3.6616671e-01 -1.5699890e+00 -4.7093594e-01  3.7175259e-01
  5.5969394e-18  3.4374293e-18  3.0205782e-19  1.0735662e-18
  1.1785347e-18  1.1026788e-18  1.6138346e-18  3.0028975e-19
  1.3000000e+00  4.0660545e-01  6.5056872e-01  9.7585303e-01
 -5.8728349e-01  1.6998284e-01  1.2995783e+00  5.5448031e-01
 -1.5698435e+00  2.5854489e-02  6.6714108e-01  1.1264941e+00
  1.1264941e+00  1.1003715e+00  1.1003715e+00  1.2517208e+00
  1.2517208e+00  1.1794628e+00  1.1794628e+00  1.3000000e+00
  5.0000000e-01  8.0000001e-01  1.2000000e+00]
[ 0.0000000e+00  0.0000000e+00  0.0000000e+00  0.0000000e+00
  0.0000000e+00  0.0000000e+00  0.0000000e+00  0.0000000e+00
  0.0000000e+00  0.0000000e+00  0.0000000e+00  0.0000000e+00
  0.0000000e+00  1.1733062e+00 -1.6988964e-01 -7.6513796e-04
 -3.7685964e-01 -1.5699917e+00 -4.7095194e-01  3.4851876e-01
  5.5969394e-18  3.4374293e-18  3.0205782e-19  1.0735662e-18
  1.1785347e-18  1.1026788e-18  1.6138346e-18  3.0028975e-19
  1.3000000e+00  4.0660545e-01  6.5056872e-01  9.7585303e-01
 -5.7431316e-01  1.6998713e-01  1.2995490e+00  5.4410273e-01
 -1.5698826e+00  3.0479223e-02  6.9355571e-01  1.1272203e+00
  1.1272203e+00  1.1007268e+00  1.1007268e+00  1.2517557e+00
  1.2517557e+00  1.1803923e+00  1.1803923e+00  1.3000000e+00
  5.0000000e-01  8.0000001e-01  1.2000000e+00]
[ 0.0000000e+00  0.0000000e+00  0.0000000e+00  0.0000000e+00
  0.0000000e+00  0.0000000e+00  0.0000000e+00  0.0000000e+00
  0.0000000e+00  0.0000000e+00  0.0000000e+00  0.0000000e+00
  0.0000000e+00  1.1886489e+00 -1.6991052e-01 -2.8415654e-02
 -3.8398394e-01 -1.5699937e+00 -4.7096395e-01  3.2123917e-01
  5.5969394e-18  3.4374293e-18  3.0205782e-19  1.0735662e-18
  1.1785347e-18  1.1026788e-18  1.6138346e-18  3.0028975e-19
  1.3000000e+00  4.0660545e-01  6.5056872e-01  9.7585303e-01
 -5.5942541e-01  1.6999035e-01  1.2995099e+00  5.3005004e-01
 -1.5699120e+00  3.3211775e-02  7.2753811e-01  1.1279194e+00
  1.1279194e+00  1.1010822e+00  1.1010822e+00  1.2517935e+00
  1.2517935e+00  1.1812087e+00  1.1812087e+00  1.3000000e+00
  5.0000000e-01  8.0000001e-01  1.2000000e+00]
[ 0.0000000e+00  0.0000000e+00  0.0000000e+00  0.0000000e+00
  0.0000000e+00  0.0000000e+00  0.0000000e+00  0.0000000e+00
  0.0000000e+00  0.0000000e+00  0.0000000e+00  0.0000000e+00
  0.0000000e+00  1.2017182e+00 -1.6993289e-01 -5.2665129e-02
 -3.8803706e-01 -1.5699954e+00 -4.7096199e-01  2.9137790e-01
  5.5969394e-18  3.4374293e-18  3.0205782e-19  1.0735662e-18
  1.1785347e-18  1.1026788e-18  1.6138346e-18  3.0028975e-19
  1.3000000e+00  4.0660545e-01  6.5056872e-01  9.7585303e-01
 -5.4325581e-01  1.6999276e-01  1.2994673e+00  5.1463318e-01
 -1.5699340e+00  3.4126718e-02  7.6489443e-01  1.1287084e+00
  1.1287084e+00  1.1013814e+00  1.1013814e+00  1.2518743e+00
  1.2518743e+00  1.1819888e+00  1.1819888e+00  1.3000000e+00
  5.0000000e-01  8.0000001e-01  1.2000000e+00]
[ 0.0000000e+00  0.0000000e+00  0.0000000e+00  0.0000000e+00
  0.0000000e+00  0.0000000e+00  0.0000000e+00  0.0000000e+00
  0.0000000e+00  0.0000000e+00  0.0000000e+00  0.0000000e+00
  0.0000000e+00  1.2125175e+00 -1.6994967e-01 -7.3538639e-02
 -3.8955796e-01 -1.5699965e+00 -4.7093016e-01  2.6032484e-01
  5.5969394e-18  3.4374293e-18  3.0205782e-19  1.0735662e-18
  1.1785347e-18  1.1026788e-18  1.6138346e-18  3.0028975e-19
  1.3000000e+00  4.0660545e-01  6.5056872e-01  9.7585303e-01
 -5.2665609e-01  1.6999458e-01  1.2994331e+00  4.9878255e-01
 -1.5699505e+00  3.2799926e-02  8.0380768e-01  1.1290065e+00
  1.1290065e+00  1.1012448e+00  1.1012448e+00  1.2519565e+00
  1.2519565e+00  1.1826795e+00  1.1826795e+00  1.3000000e+00
  5.0000000e-01  8.0000001e-01  1.2000000e+00]
[ 0.0000000e+00  0.0000000e+00  0.0000000e+00  0.0000000e+00
  0.0000000e+00  0.0000000e+00  0.0000000e+00  0.0000000e+00
  0.0000000e+00  0.0000000e+00  0.0000000e+00  0.0000000e+00
  0.0000000e+00  1.2211809e+00 -1.6996226e-01 -9.1185778e-02
 -3.8910478e-01 -1.5699974e+00 -4.7080672e-01  2.2927271e-01
  5.5969394e-18  3.4374293e-18  3.0205782e-19  1.0735662e-18
  1.1785347e-18  1.1026788e-18  1.6138346e-18  3.0028975e-19
  1.3000000e+00  4.0660545e-01  6.5056872e-01  9.7585303e-01
 -5.1141918e-01  1.6999593e-01  1.2994246e+00  4.8320946e-01
 -1.5699629e+00  2.7876552e-02  8.4241533e-01  1.1286662e+00
  1.1286662e+00  1.1013602e+00  1.1013602e+00  1.2520016e+00
  1.2520016e+00  1.1832350e+00  1.1832350e+00  1.3000000e+00
  5.0000000e-01  8.0000001e-01  1.2000000e+00]
[ 0.00000000e+00  0.00000000e+00  0.00000000e+00  0.00000000e+00
  0.00000000e+00  0.00000000e+00  0.00000000e+00  0.00000000e+00
  0.00000000e+00  0.00000000e+00  0.00000000e+00  0.00000000e+00
  0.00000000e+00  1.22794104e+00 -1.69971690e-01 -1.05895676e-01
 -3.87193501e-01 -1.56999803e+00 -4.70566154e-01  1.99125990e-01
  5.59693936e-18  3.43742927e-18  3.02057822e-19  1.07356618e-18
  1.17853468e-18  1.10267880e-18  1.61383465e-18  3.00289749e-19
  1.29999995e+00  4.06605452e-01  6.50568724e-01  9.75853026e-01
 -4.99334842e-01  1.69996947e-01  1.29945552e+00  4.68812197e-01
 -1.56997216e+00  1.80811845e-02  8.78435373e-01  1.12911689e+00
  1.12911689e+00  1.10160875e+00  1.10160875e+00  1.25205362e+00
  1.25205362e+00  1.18372643e+00  1.18372643e+00  1.29999995e+00
  5.00000000e-01  8.00000012e-01  1.20000005e+00]
[ 0.0000000e+00  0.0000000e+00  0.0000000e+00  0.0000000e+00
  0.0000000e+00  0.0000000e+00  0.0000000e+00  0.0000000e+00
  0.0000000e+00  0.0000000e+00  0.0000000e+00  0.0000000e+00
  0.0000000e+00  1.2331289e+00 -1.6997877e-01 -1.1805968e-01
 -3.8426453e-01 -1.5699639e+00 -4.7022724e-01  1.7041977e-01
  5.5969394e-18  3.4374293e-18  3.0205782e-19  1.0735662e-18
  1.1785347e-18  1.1026788e-18  1.6138346e-18  3.0028975e-19
  1.3000000e+00  4.0660545e-01  6.5056872e-01  9.7585303e-01
 -4.9012938e-01  1.6999771e-01  1.2995234e+00  4.5595151e-01
 -1.5699791e+00  4.2702393e-03  9.1072756e-01  1.1297802e+00
  1.1297802e+00  1.1021701e+00  1.1021701e+00  1.2520987e+00
  1.2520987e+00  1.1841524e+00  1.1841524e+00  1.3000000e+00
  5.0000000e-01  8.0000001e-01  1.2000000e+00]
[ 0.0000000e+00  0.0000000e+00  0.0000000e+00  0.0000000e+00
  0.0000000e+00  0.0000000e+00  0.0000000e+00  0.0000000e+00
  0.0000000e+00  0.0000000e+00  0.0000000e+00  0.0000000e+00
  0.0000000e+00  1.2369674e+00 -1.6998394e-01 -1.2847804e-01
 -3.8056192e-01 -1.5699698e+00 -4.7042042e-01  1.4341189e-01
  5.5969394e-18  3.4374293e-18  3.0205782e-19  1.0735662e-18
  1.1785347e-18  1.1026788e-18  1.6138346e-18  3.0028975e-19
  1.3000000e+00  4.0660545e-01  6.5056872e-01  9.7585303e-01
 -4.8247233e-01  1.6999829e-01  1.2996212e+00  4.4609883e-01
 -1.5699843e+00 -1.1365196e-02  9.3604565e-01  1.1305742e+00
  1.1305742e+00  1.1029783e+00  1.1029783e+00  1.2521619e+00
  1.2521619e+00  1.1845722e+00  1.1845722e+00  1.3000000e+00
  5.0000000e-01  8.0000001e-01  1.2000000e+00]
[ 0.00000000e+00  0.00000000e+00  0.00000000e+00  0.00000000e+00
  0.00000000e+00  0.00000000e+00  0.00000000e+00  0.00000000e+00
  0.00000000e+00  0.00000000e+00  0.00000000e+00  0.00000000e+00
  0.00000000e+00  1.23971510e+00 -1.69987947e-01 -1.36922687e-01
 -3.76323313e-01 -1.56997502e+00 -4.70562816e-01  1.18377216e-01
  5.59693936e-18  3.43742927e-18  3.02057822e-19  1.07356618e-18
  1.17853468e-18  1.10267880e-18  1.61383465e-18  3.00289749e-19
  1.29999995e+00  4.06605452e-01  6.50568724e-01  9.75853026e-01
 -4.76405710e-01  1.69998705e-01  1.29971588e+00  4.38735873e-01
 -1.56998825e+00 -2.82067321e-02  9.55008924e-01  1.13133025e+00
  1.13133025e+00  1.10382104e+00  1.10382104e+00  1.25226927e+00
  1.25226927e+00  1.18501604e+00  1.18501604e+00  1.29999995e+00
  5.00000000e-01  8.00000012e-01  1.20000005e+00]
[ 0.0000000e+00  0.0000000e+00  0.0000000e+00  0.0000000e+00
  0.0000000e+00  0.0000000e+00  0.0000000e+00  0.0000000e+00
  0.0000000e+00  0.0000000e+00  0.0000000e+00  0.0000000e+00
  0.0000000e+00  1.2416122e+00 -1.6999090e-01 -1.4373516e-01
 -3.7176776e-01 -1.5699813e+00 -4.7066632e-01  9.5507972e-02
  5.5969394e-18  3.4374293e-18  3.0205782e-19  1.0735662e-18
  1.1785347e-18  1.1026788e-18  1.6138346e-18  3.0028975e-19
  1.3000000e+00  4.0660545e-01  6.5056872e-01  9.7585303e-01
 -4.7212112e-01  1.6999903e-01  1.2997869e+00  4.3295315e-01
 -1.5699253e+00 -4.5861859e-02  9.6921325e-01  1.1318690e+00
  1.1318690e+00  1.1044555e+00  1.1044555e+00  1.2523950e+00
  1.2523950e+00  1.1854433e+00  1.1854433e+00  1.3000000e+00
  5.0000000e-01  8.0000001e-01  1.2000000e+00]
[ 0.0000000e+00  0.0000000e+00  0.0000000e+00  0.0000000e+00
  0.0000000e+00  0.0000000e+00  0.0000000e+00  0.0000000e+00
  0.0000000e+00  0.0000000e+00  0.0000000e+00  0.0000000e+00
  0.0000000e+00  1.2426224e+00 -1.6999194e-01 -1.4909269e-01
 -3.6641857e-01 -1.5699860e+00 -4.7074214e-01  7.4512020e-02
  5.5969394e-18  3.4374293e-18  3.0205782e-19  1.0735662e-18
  1.1785347e-18  1.1026788e-18  1.6138346e-18  3.0028975e-19
  1.3000000e+00  4.0660545e-01  6.5056872e-01  9.7585303e-01
 -4.6995801e-01  1.6999927e-01  1.2998402e+00  4.2826080e-01
 -1.5698042e+00 -6.4078026e-02  9.7987103e-01  1.1318660e+00
  1.1318660e+00  1.1046969e+00  1.1046969e+00  1.2525396e+00
  1.2525396e+00  1.1858501e+00  1.1858501e+00  1.3000000e+00
  5.0000000e-01  8.0000001e-01  1.2000000e+00]
[ 0.0000000e+00  0.0000000e+00  0.0000000e+00  0.0000000e+00
  0.0000000e+00  0.0000000e+00  0.0000000e+00  0.0000000e+00
  0.0000000e+00  0.0000000e+00  0.0000000e+00  0.0000000e+00
  0.0000000e+00  1.2430571e+00 -1.6999368e-01 -1.5333992e-01
 -3.6070535e-01 -1.5699894e+00 -4.7080168e-01  5.5582955e-02
  5.5969394e-18  3.4374293e-18  3.0205782e-19  1.0735662e-18
  1.1785347e-18  1.1026788e-18  1.6138346e-18  3.0028975e-19
  1.3000000e+00  4.0660545e-01  6.5056872e-01  9.7585303e-01
 -4.7012696e-01  1.6999945e-01  1.2998801e+00  4.2449224e-01
 -1.5696617e+00 -8.2414091e-02  9.8787230e-01  1.1316372e+00
  1.1316372e+00  1.1050421e+00  1.1050421e+00  1.2526929e+00
  1.2526929e+00  1.1862725e+00  1.1862725e+00  1.3000000e+00
  5.0000000e-01  8.0000001e-01  1.2000000e+00]
[ 0.0000000e+00  0.0000000e+00  0.0000000e+00  0.0000000e+00
  0.0000000e+00  0.0000000e+00  0.0000000e+00  0.0000000e+00
  0.0000000e+00  0.0000000e+00  0.0000000e+00  0.0000000e+00
  0.0000000e+00  1.2433034e+00 -1.6986576e-01 -1.5661639e-01
 -3.5526091e-01 -1.5699921e+00 -4.6969387e-01  3.9073981e-02
  5.5969394e-18  3.4374293e-18  3.0205782e-19  1.0735662e-18
  1.1785347e-18  1.1026788e-18  1.6138346e-18  3.0028975e-19
  1.3000000e+00  4.0660545e-01  6.5056872e-01  9.7585303e-01
 -4.7188571e-01  1.6999517e-01  1.2999101e+00  4.2169315e-01
 -1.5695134e+00 -9.9865422e-02  9.9387610e-01  1.1312966e+00
  1.1312966e+00  1.1045707e+00  1.1045707e+00  1.2528456e+00
  1.2528456e+00  1.1866906e+00  1.1866906e+00  1.3000000e+00
  5.0000000e-01  8.0000001e-01  1.2000000e+00]
[ 0.0000000e+00  0.0000000e+00  0.0000000e+00  0.0000000e+00
  0.0000000e+00  0.0000000e+00  0.0000000e+00  0.0000000e+00
  0.0000000e+00  0.0000000e+00  0.0000000e+00  0.0000000e+00
  0.0000000e+00  1.2437956e+00 -1.6975906e-01 -1.5845254e-01
 -3.5050103e-01 -1.5699941e+00 -4.6488795e-01  2.4909809e-02
  5.5969394e-18  3.4374293e-18  3.0205782e-19  1.0735662e-18
  1.1785347e-18  1.1026788e-18  1.6138346e-18  3.0028975e-19
  1.3000000e+00  4.0660545e-01  6.5056872e-01  9.7585303e-01
 -4.7451302e-01  1.6997501e-01  1.2999326e+00  4.1990620e-01
 -1.5693731e+00 -1.1564949e-01  9.9839169e-01  1.1309307e+00
  1.1309307e+00  1.1032381e+00  1.1032381e+00  1.2529925e+00
  1.2529925e+00  1.1870686e+00  1.1870686e+00  1.3000000e+00
  5.0000000e-01  8.0000001e-01  1.2000000e+00]
[ 0.0000000e+00  0.0000000e+00  0.0000000e+00  0.0000000e+00
  0.0000000e+00  0.0000000e+00  0.0000000e+00  0.0000000e+00
  0.0000000e+00  0.0000000e+00  0.0000000e+00  0.0000000e+00
  0.0000000e+00  1.2444885e+00 -1.6968158e-01 -1.5936075e-01
 -3.4631610e-01 -1.5699955e+00 -4.5770630e-01  1.2318611e-02
  5.5969394e-18  3.4374293e-18  3.0205782e-19  1.0735662e-18
  1.1785347e-18  1.1026788e-18  1.6138346e-18  3.0028975e-19
  1.3000000e+00  4.0660545e-01  6.5056872e-01  9.7585303e-01
 -4.7676310e-01  1.6992636e-01  1.2999494e+00  4.1931653e-01
 -1.5692670e+00 -1.2807694e-01  1.0017937e+00  1.1305205e+00
  1.1305205e+00  1.0983213e+00  1.0983213e+00  1.2531763e+00
  1.2531763e+00  1.1878768e+00  1.1878768e+00  1.3000000e+00
  5.0000000e-01  8.0000001e-01  1.2000000e+00]
[ 0.0000000e+00  0.0000000e+00  0.0000000e+00  0.0000000e+00
  0.0000000e+00  0.0000000e+00  0.0000000e+00  0.0000000e+00
  0.0000000e+00  0.0000000e+00  0.0000000e+00  0.0000000e+00
  0.0000000e+00  1.2452919e+00 -1.6962531e-01 -1.5966178e-01
 -3.4253463e-01 -1.5699967e+00 -4.4900721e-01  6.8322459e-04
  5.5969394e-18  3.4374293e-18  3.0205782e-19  1.0735662e-18
  1.1785347e-18  1.1026788e-18  1.6138346e-18  3.0028975e-19
  1.3000000e+00  4.0660545e-01  6.5056872e-01  9.7585303e-01
 -4.7951114e-01  1.6989864e-01  1.2999620e+00  4.4120401e-01
 -1.5690399e+00 -1.3182317e-01  9.6400386e-01  1.1287010e+00
  1.1287010e+00  1.0933828e+00  1.0933828e+00  1.2532970e+00
  1.2532970e+00  1.1883390e+00  1.1883390e+00  1.3000000e+00
  5.0000000e-01  8.0000001e-01  1.2000000e+00]
[ 0.0000000e+00  0.0000000e+00  0.0000000e+00  0.0000000e+00
  0.0000000e+00  0.0000000e+00  0.0000000e+00  0.0000000e+00
  0.0000000e+00  0.0000000e+00  0.0000000e+00  0.0000000e+00
  0.0000000e+00  1.2461451e+00 -1.6958553e-01 -1.5953135e-01
 -3.3897141e-01 -1.5699975e+00 -4.3930599e-01 -1.0475403e-02
  5.5969394e-18  3.4374293e-18  3.0205782e-19  1.0735662e-18
  1.1785347e-18  1.1026788e-18  1.6138346e-18  3.0028975e-19
  1.3000000e+00  4.0660545e-01  6.5056872e-01  9.7585303e-01
 -4.7618788e-01  1.6988963e-01  1.2999716e+00  4.5900109e-01
 -1.5689460e+00 -1.2619631e-01  9.3303752e-01  1.1277657e+00
  1.1277657e+00  1.0893656e+00  1.0893656e+00  1.2534418e+00
  1.2534418e+00  1.1886799e+00  1.1886799e+00  1.3000000e+00
  5.0000000e-01  8.0000001e-01  1.2000000e+00]
[ 0.0000000e+00  0.0000000e+00  0.0000000e+00  0.0000000e+00
  0.0000000e+00  0.0000000e+00  0.0000000e+00  0.0000000e+00
  0.0000000e+00  0.0000000e+00  0.0000000e+00  0.0000000e+00
  0.0000000e+00  1.2470193e+00 -1.6955832e-01 -1.5907943e-01
 -3.3554143e-01 -1.5699981e+00 -4.2890418e-01 -2.1446541e-02
  5.5969394e-18  3.4374293e-18  3.0205782e-19  1.0735662e-18
  1.1785347e-18  1.1026788e-18  1.6138346e-18  3.0028975e-19
  1.3000000e+00  4.0660545e-01  6.5056872e-01  9.7585303e-01
 -4.7171694e-01  1.6989098e-01  1.2999786e+00  4.9353731e-01
 -1.5689291e+00 -1.1057882e-01  8.6871856e-01  1.1258874e+00
  1.1258874e+00  1.0855125e+00  1.0855125e+00  1.2536789e+00
  1.2536789e+00  1.1889583e+00  1.1889583e+00  1.3000000e+00
  5.0000000e-01  8.0000001e-01  1.2000000e+00]
[ 0.0000000e+00  0.0000000e+00  0.0000000e+00  0.0000000e+00
  0.0000000e+00  0.0000000e+00  0.0000000e+00  0.0000000e+00
  0.0000000e+00  0.0000000e+00  0.0000000e+00  0.0000000e+00
  0.0000000e+00  1.2479157e+00 -1.6954060e-01 -1.5832409e-01
 -3.3222651e-01 -1.5699986e+00 -4.1807246e-01 -3.2423336e-02
  5.5969394e-18  3.4374293e-18  3.0205782e-19  1.0735662e-18
  1.1785347e-18  1.1026788e-18  1.6138346e-18  3.0028975e-19
  1.3000000e+00  4.0660545e-01  6.5056872e-01  9.7585303e-01
 -4.6015611e-01  1.6991824e-01  1.2999840e+00  5.1123536e-01
 -1.5691453e+00 -8.7677538e-02  8.3320594e-01  1.1208057e+00
  1.1208057e+00  1.0800835e+00  1.0800835e+00  1.2539039e+00
  1.2539039e+00  1.1890513e+00  1.1890513e+00  1.3000000e+00
  5.0000000e-01  8.0000001e-01  1.2000000e+00]
[ 0.0000000e+00  0.0000000e+00  0.0000000e+00  0.0000000e+00
  0.0000000e+00  0.0000000e+00  0.0000000e+00  0.0000000e+00
  0.0000000e+00  0.0000000e+00  0.0000000e+00  0.0000000e+00
  0.0000000e+00  1.2488738e+00 -1.6952974e-01 -1.5725167e-01
 -3.2891443e-01 -1.5699990e+00 -4.0679979e-01 -4.3653075e-02
  5.5969394e-18  3.4374293e-18  3.0205782e-19  1.0735662e-18
  1.1785347e-18  1.1026788e-18  1.6138346e-18  3.0028975e-19
  1.3000000e+00  4.0660545e-01  6.5056872e-01  9.7585303e-01
 -4.4978499e-01  1.6993868e-01  1.2999798e+00  5.4735821e-01
 -1.5693589e+00 -5.8059409e-02  7.5919962e-01  1.1133552e+00
  1.1133552e+00  1.0728745e+00  1.0728745e+00  1.2540882e+00
  1.2540882e+00  1.1890051e+00  1.1890051e+00  1.3000000e+00
  5.0000000e-01  8.0000001e-01  1.2000000e+00]
[ 0.0000000e+00  0.0000000e+00  0.0000000e+00  0.0000000e+00
  0.0000000e+00  0.0000000e+00  0.0000000e+00  0.0000000e+00
  0.0000000e+00  0.0000000e+00  0.0000000e+00  0.0000000e+00
  0.0000000e+00  1.2498933e+00 -1.6952409e-01 -1.5580417e-01
 -3.2558307e-01 -1.5699992e+00 -3.9512613e-01 -5.5168062e-02
  5.5969394e-18  3.4374293e-18  3.0205782e-19  1.0735662e-18
  1.1785347e-18  1.1026788e-18  1.6138346e-18  3.0028975e-19
  1.3000000e+00  4.0660545e-01  6.5056872e-01  9.7585303e-01
 -4.3473774e-01  1.6995402e-01  1.2997459e+00  5.5938798e-01
 -1.5695192e+00 -2.6591798e-02  7.2718942e-01  1.1055139e+00
  1.1055139e+00  1.0645908e+00  1.0645908e+00  1.2543262e+00
  1.2543262e+00  1.1889577e+00  1.1889577e+00  1.3000000e+00
  5.0000000e-01  8.0000001e-01  1.2000000e+00]
[ 0.0000000e+00  0.0000000e+00  0.0000000e+00  0.0000000e+00
  0.0000000e+00  0.0000000e+00  0.0000000e+00  0.0000000e+00
  0.0000000e+00  0.0000000e+00  0.0000000e+00  0.0000000e+00
  0.0000000e+00  1.2509787e+00 -1.6952239e-01 -1.5397939e-01
 -3.2228693e-01 -1.5699995e+00 -3.8314918e-01 -6.6878393e-02
  5.5969394e-18  3.4374293e-18  3.0205782e-19  1.0735662e-18
  1.1785347e-18  1.1026788e-18  1.6138346e-18  3.0028975e-19
  1.3000000e+00  4.0660545e-01  6.5056872e-01  9.7585303e-01
 -4.2373765e-01  1.6996551e-01  1.2995051e+00  5.8678663e-01
 -1.5696394e+00  5.5103255e-03  6.6178256e-01  1.0992514e+00
  1.0992514e+00  1.0561786e+00  1.0561786e+00  1.2547301e+00
  1.2547301e+00  1.1890430e+00  1.1890430e+00  1.3000000e+00
  5.0000000e-01  8.0000001e-01  1.2000000e+00]
[ 0.0000000e+00  0.0000000e+00  0.0000000e+00  0.0000000e+00
  0.0000000e+00  0.0000000e+00  0.0000000e+00  0.0000000e+00
  0.0000000e+00  0.0000000e+00  0.0000000e+00  0.0000000e+00
  0.0000000e+00  1.2521527e+00 -1.6952349e-01 -1.5194017e-01
 -3.1920907e-01 -1.5699996e+00 -3.7111539e-01 -7.8589559e-02
  5.5969394e-18  3.4374293e-18  3.0205782e-19  1.0735662e-18
  1.1785347e-18  1.1026788e-18  1.6138346e-18  3.0028975e-19
  1.3000000e+00  4.0660545e-01  6.5056872e-01  9.7585303e-01
 -4.1071928e-01  1.6997413e-01  1.2992386e+00  5.9326273e-01
 -1.5697296e+00  3.5454340e-02  6.3415885e-01  1.0957371e+00
  1.0957371e+00  1.0489157e+00  1.0489157e+00  1.2553364e+00
  1.2553364e+00  1.1892816e+00  1.1892816e+00  1.3000000e+00
  5.0000000e-01  8.0000001e-01  1.2000000e+00]
[ 0.0000000e+00  0.0000000e+00  0.0000000e+00  0.0000000e+00
  0.0000000e+00  0.0000000e+00  0.0000000e+00  0.0000000e+00
  0.0000000e+00  0.0000000e+00  0.0000000e+00  0.0000000e+00
  0.0000000e+00  1.2534140e+00 -1.6952722e-01 -1.4987318e-01
 -3.1636286e-01 -1.5699997e+00 -3.5932514e-01 -9.0259537e-02
  5.5969394e-18  3.4374293e-18  3.0205782e-19  1.0735662e-18
  1.1785347e-18  1.1026788e-18  1.6138346e-18  3.0028975e-19
  1.3000000e+00  4.0660545e-01  6.5056872e-01  9.7585303e-01
 -3.9997569e-01  1.6998060e-01  1.2990000e+00  6.0928291e-01
 -1.5697972e+00  6.4548522e-02  5.8611459e-01  1.0946920e+00
  1.0946920e+00  1.0452073e+00  1.0452073e+00  1.2561960e+00
  1.2561960e+00  1.1894776e+00  1.1894776e+00  1.3000000e+00
  5.0000000e-01  8.0000001e-01  1.2000000e+00]
[ 0.0000000e+00  0.0000000e+00  0.0000000e+00  0.0000000e+00
  0.0000000e+00  0.0000000e+00  0.0000000e+00  0.0000000e+00
  0.0000000e+00  0.0000000e+00  0.0000000e+00  0.0000000e+00
  0.0000000e+00  1.2547586e+00 -1.6953310e-01 -1.4791210e-01
 -3.1371659e-01 -1.5699997e+00 -3.4793073e-01 -1.0193150e-01
  5.5969394e-18  3.4374293e-18  3.0205782e-19  1.0735662e-18
  1.1785347e-18  1.1026788e-18  1.6138346e-18  3.0028975e-19
  1.3000000e+00  4.0660545e-01  6.5056872e-01  9.7585303e-01
 -3.8806355e-01  1.6998544e-01  1.2988019e+00  6.1340374e-01
 -1.5698478e+00  9.1004565e-02  5.6074280e-01  1.0946074e+00
  1.0946074e+00  1.0464351e+00  1.0464351e+00  1.2565260e+00
  1.2565260e+00  1.1894659e+00  1.1894659e+00  1.3000000e+00
  4.9918494e-01  7.9869586e-01  1.1980438e+00]
[ 0.0000000e+00  0.0000000e+00  0.0000000e+00  0.0000000e+00
  0.0000000e+00  0.0000000e+00  0.0000000e+00  0.0000000e+00
  0.0000000e+00  0.0000000e+00  0.0000000e+00  0.0000000e+00
  0.0000000e+00  1.2561095e+00 -1.6954088e-01 -1.4603607e-01
 -3.1122747e-01 -1.5699998e+00 -3.3692470e-01 -1.1353534e-01
  5.5969394e-18  3.4374293e-18  3.0205782e-19  1.0735662e-18
  1.1785347e-18  1.1026788e-18  1.6138346e-18  3.0028975e-19
  1.3000000e+00  4.0660545e-01  6.5056872e-01  9.7585303e-01
 -3.7602600e-01  1.6998908e-01  1.2986363e+00  6.2219036e-01
 -1.5698858e+00  1.1717321e-01  5.2616483e-01  1.0861207e+00
  1.0861207e+00  1.0612670e+00  1.0612670e+00  1.2576445e+00
  1.2576445e+00  1.1891550e+00  1.1891550e+00  1.3000000e+00
  4.8723036e-01  7.7956855e-01  1.1693529e+00]
                                                                                                                                                                                                                                                                                                                                                                                                                                                                                                                                                                                                                                                                                                                                                                                                                                                                                                                                                                                                                                                                                                                                                                                                                                                                                                                                                                                                                                                                                                                                                                                                                                                                                                                                                                                                                                                                                                                                                                                                                                                                                                                                                                                                                                                                                                                                                                                                                                                                                                                                                                                                                                                                                                                                                                                                                                                                                                                                                                                                                                                                                                                                                                                                                                                                                                                                                                                                                                                                                                                                                                                                                                                                                                                                                                                                                                                                                                                                                                                                                                                                                                                                                                                                                                                                                                                                                                                                                                                                                                                                                                                                                                                                                                                                                                                                                                                                                                                                                                                                                                                                                                                                                                                                                                                                                                                                                                                                                                                                                                                                                                                                                                                                                                                                                                                                                                                                                                                                                                                                                                                                                                                                                                                                                                                                                                                                                                                                                                                                                                                                                                                                                                                                                                                                                                                                                                                                                                                                                                                                                                                                                                                                                                                                                                                                                                                                                                                                                                                                                                                                                                                                                                                                                                                                                                                                                                                                                                                                                                                                                                                                                                                                                                                                                                                                                                                                                                                                                                                                                                                                                                                                                                                                                                                                                                                                                                                                                                                                                                                                                                                                                                                                                                                                                                                                                                                                                                                                                                                                                                                                                                                                                                                                                                                                                                                                                                                                                                                                                                                                                                                                                                                                                                                                                                                                                                                                                                                                                                                                                                                                                                                                                                                                                                                                                                                                                                                                                                                                                                                                                                                                                                                                                                                                                                                                                                                                                                                                                                                                                                                                                                                                                                                                                                                                                                                                                                                                                                                                                                                                                                                                                                                                                                                                                                                                                                                                                                                                                                                                                                                                                                                                                                                                                                                                                                                                                                                                                                                                                                                                                                                                                                                                                                                                                                                                                                                                                                                                                                                                                                                                                                                                                                                                                                                                                                                                                                                                                                                                                                                                                                                                                                                                                                                                                                                                                                                                                                                                                                                                                                                                                                                                                                                                                                                                                                                                                                                                                                                                                                                                                                                                                                                                                                                                                                                                                                                                                                                                                                                                                                                                                                                                                                                                                                                                                                                                                                                                                                                                                                                                                                                                                                                                                                                                                                                                                                                                                                                                                                                                                                                                                                                                                                                                                                                                                                                                                                                                                                                                                                                                                                                                                                                                                                                                                                                                                                                                                                                                                                                                                                                                                                                                                                                                                                                                                                                                                                                                                                                                                                                                                                                                                                                                                                                                                                                                                                                                                                                                                                                                                                                                                                                                                                                                                                                                                                                                                                                                                                                                                                                                                                                                                                                                                                                                                                                                                                                                                                                                                                                                                                                                                                                                                                                                                                                                                                                                                                                                                                                                                                                                                                                                                                                                                                                                                                                                                                                                                                                                                                                                                                                                                                                                                                                                                                                                                                                                                                                                                                                                                                                                                                                                                                                                                                                                                                                                                                                                                                                                                                                                                                                                                                                                                                                                                                                                                                                                                                                                                                                                                                                                                                                                                                                                                                                                                                                                                                                                                                                                                                                                                                                                                                                                                                                                                                                                                                                                                                                                                                                                                                                                                                                                                                                                                                                                                                                                                                                                                                                                                                                                                                                                                                                                                                                                                                                                                                                                                                                                                                                                                                                                                                                                                                                                                                                                                                                                                                                                                                                                                                                                                                                                                                                                                                                                                                                                                                                                                                                                                                                                                                                                                                                                                                                                                                                                                                                                                                                                                                                                                                                                                                                                                                                                                                                                                                                                                                                                                                                                                                                                                                                                                                                                                                                                                                                                                                                                                                                                                                                                                                                                                                                                                                                                                                                                                                                                                                                                                                                                                                                                                                                                                                                                                                                                                                                                                                                                                                                                                                                                                                                                                                                                                                                                                                                                                                                                                                                                                                                                                                                                                                                                                                                                                                                                                                                                                                                                                                                                                                                                                                                                                                                                                                                                                                                                                                                                                                                                                                                                                                                                                                                                                                                                                                                                                                                                                                                                                                                                                                                                                                                                                                                                                                                                                                                                                                                                                                                                                                                                                                                                                                                                                                                                                                                                                                                                                                                                                                                                                                                                                                                                                                                                                                                                                                                                                                                                                                                                                                                                                                                                                                                                                                                                                                                                                                                                                                                                                                                                                                                                                                                                                                                                                                                                                                                                                                                                                                                                                                                                                                                                                                                                                                                                                                                                                                                                                                                                                                                                                                                                                                                                                                                                                                                                                                                                                                                                                                                                                                                                                                                                                                                                                                                                                                                                                                                                                                                                                                                                                                                                                                                                                                                                                                                                                                                                                                                                                                                                                                                                                                                                                                                                                                                                                                                                                                                                                                                                                                                                                                                                                                                                                                                                                                                                                                                                                                                                                                                                                                                                                                                                                                                                                                                                                                                                                                                                                                                                                                                                                                                                                                                                                                                                                                                                                                                                                                                                                                                                                                                                                                                                                                                                                                                                                                                                                                                                                                                                                                                                                                                                                                                                                                                                                                                                                                                                                                                                                                                                                                                                                                                                                                                                                                                                                                                                                                                                                                                                                                                                                                                                                                                                                                                                                                                                                                                                                                                                                                                                                                                                                                                                                                                                                                                                                                                                                                                                                                                                                                                                                                                                                                                                                                                                                                                                                                                                                                                                                                                                                                                                                                                                                                                                                                                                                                                                                                                                                                                                                                                                                                                                                                                                                                                                                                                                                                                                                                                                                                                                                                                                                                                                                                                                                                                                                                                                                                                                                                                                                                                                                                                                                                                                                                                                                                                                                                                                                                                                                                                                                                                                                                                                                                                                                                                                                                                                                                                                                                                                                                                                                                                                                                                                                                                                                                                                                                                                                                                                                                                                                                                                                                                                                                                                                                                                                                                                                                                                                                                                                                                                                                                                                                                                                                                                                                                                                                                                                                                                                                                                                                                                                                                                                                                                                                                                                                                                                                                                                                                                                                                                                                                                                                                                                                                                                                                                                                                                                                                                                                                                                                                                                                                                                                                                                                                                                                                                                                                                                                                                                                                                                                                                                                                                                                                                                                                                                                                                                                                                                                                                                                                                                                                                                                                                                                                                                                                                                                                                                                                                                                                                                                                                                                                                                                                                                                                                                                                                                                                                                                                                                                                                                                                                                                                                                                                                                                                                                                                                                                                                                                                                                                                                                                                                                                                                                                                                                                                                                                                                                                                                                                                                                                                                                                                                                                                                                                                                                                                                                                                                                                                                                                                                                                                                                                                                                                                                                                                                                                                                                                                                                                                                                                                                                                                                                                                                                                                                                                                                                                                                                                                                                                                                                                                                                                                                                                                                                                                                                                                                                                                                                                                                                                                                                                                                                                                                                                                                                                                                                                                                                                                                                                                                                                                                                                                                                                                                                                                                                                                                                                                                                                                                                                                                                                                                                                                                                                                                                                                                                                                                                                                                                                                                                                                                                                                                                                                                                                                                                                                                                                                                                                                                                                                                                                                                                                                                                                                                                                                                                                                                                                                                                                                                                                                                                                                                                                                                                                                                                                                                                                                                                                                                                                                                                                                                                                                                                                                                                                                                                                                                                                                                                                                                                                                                                                                                                                                                                                                                                                                                                                                                                                                                                                                                                                                                                                                                                                                                                                                                                                                                                                                                                                                                                                                                                                                                                                                                                                                                                                                                                                                                                                                                                                                                                                                                                                                                                                                                                                                                                                                                                                                                                                                                                                                                                                                                                                                                                                                                                                                                                                                                                                                                                                                                                                                                                                                                                                                                                                                                                                                                                                                                                                                                                                                                                                                                                                                                                                                                                                                                                                                                                                                                                                                                                                                                                                                                                                                                                                                                                                                                                                                                                                                                                                                                                                                                                                                                                                                                                                                                                                                                                                                                                                                                                                                                                                                                                                                                                                                                                                                                                                                                                                                                                                                                                                                                                                                                                                                                                                                                                                                                                                                                                                                                                                                                                                                                                                                                                                                                                                                                                                                                                                                                                                                                                                                                                                                                                                                                                                                                                                                                                                                                                                                                                                                                                                                                                                                                                                                                                                                                                                                                                                                                                                                                                                                                                                                                                                                                                                                                                                                                                                                                                                                                                                                                                                                                                                                                                                                                                                                                                                                                                                                                                                                                                                                                                                                                                                                                                                                                                                                                                                                                                                                                                                                                                                                                                                                                                                                                                                                                                                                                                                                                                                                                                                                                                                                                                                                                                                                                                                                                                                                                                                                                                                                                                                                                                                                                                                                                                                                                                                                                                                                                                                                                                                                                                                                                                                                                                                                                                                                                                                                                                                                                                                                                                                                                                                                                                                                                                                                                                                                                                                                                                                                                                                                                                                                                                                                                                                                                                                                                                                                                                                                                                                                                                                                                                                                                                                                                                                                                                                                                                                                                                                                                                                                                                                                                                                                                                                                                                                                                                                                                                                                                                                                                                                                                                                                                                                                                                                                                                                                                                                                                                                                                                                                                                                                                                                                                                                                                                                                                                                                                                                                                                                                                                                                                                                                                                                                                                                                                                                                                                                                                                                                                                                                                                                                                                                                                                                                                                                                                                                                                                                                                                                                                                                                                                                                                                                                                                                                                                                                                                                                                                                                                                                                                                                                                                                                                                                                                                                                                                                                                                                                                                                                                                                                                                                                                                                                                                                                                                                                                                                                                                                                                                                                                                                                                                                                                                                                                                                                                                                                                                                                                                                                                                                                                                                                                                                                                                                                                                                                                                                                                                                                                                                                                                                                                                                                                                                                                                                                                                                                                                                                                                                                                                                                                                                                                                                                                                                                                                                                                                                                                                                                                                                                                                                                                                                                                                                                                                                                                                                                                                                                                                                                                                                                                                                                                                                                                                                                                                                                                                                                                                                                                                                                                                                                                                                                                                                                                                                                                                                                                                                                                                                                                                                                                                                                                                                                                                                                                                                                                                                                                                                                                                                                                                                                                                                                                                                                                                                                                                                                                                                                                                                                                                                                                                                                                                                                                                                                                                                                                                                                                                                                                                                                                                                                                                                                                                                                                                                                                                                                                                                                                                                                                                                                                                                                                                                                                                                                                                                                                                                                                                                                                                                                                                                                                                                                                                                                                                                                                                                                                                                                                                                                                                                                                                                                                                                                                                                                                                                                                                                                                                                                                                                                                                                                                                                                                                                                                                                                                                                                                                                                                                                                                                                                                                                                                                                                                                                                                                                                                                                                                                                                                                                                                                                                                                                                                                                                                                                                                                                                                                                                                                                                                                                                                                                                                                                                                                                                                                                                                                                                                                                                                                                                                                                                                                                                                                                                                                                                                                                                                                                                                                                                                                                                                                                                                                                                                                                                                                                                                                                                                                                                                                                                                                                                                                                                                                                                                                                                                                                                                                                                                                                                                                                                                                                                                                                                                                                                                                                                                                                                                                                                                                                                                                                                                                                                                                                                                                                                                                                                                                                                                                                                                                                                                                                                                                                                                                                                                                                                                                                                                                                                                                                                                                                                                                                                                                                                                                                                                                                                                                                                                                                                                                                                                                                                                                                                                                                                                                                                                                                                                                                                                                                                                                                                                                                                                                                                                                                                                                                                                                                                                                                                                                                                                                                                                                                                                                                                                                                                                                                                                                                                                                                                                                                                                                                                                                                                                                                                                                                                                                                                                                                                                                                                                                                                                                                                                                                                                                                                                                                                                                                                                                                                                                                                                                                                                                                                                                                                                                                                                                                                                                                                                                                                                                                                                                                                                                                                                                                                                                                                                                                                                                                                                                                                                                                                                                                                                                                                                                                                                                                                                                                                                                                                                                                                                                                                                                                                                                                                                                                                                                                                                                                                                                                                                                                                                                                                                                                                                                                                                                                                                                                                                                                                                                                                                                                                                                                                                                                                                                                                                                                                                                                                                                                                                                                                                                                                                                                                                                                                                                                                                                                                                                                                                                                                                                                                                                                                                                                                                                                                                                                                                                                                                                                                                                                                                                                                                                                                                                                                                                                                                                                                                                                                                                                                                                                                                                                                                                                                                                                                                                                                                                                                                                                                                                                                                                                                                                                                                                                                                                                                                                                                                                                                                                                                                                                                                                                                                                                                                                                                                                                                                                                                                                                                                                                                                                                                                                                                                                                                                                                                                                                                                                                                                                                                                                                                                                                                                                                                                                                                                                                                                                                                                                                                                                                                                                                                                                                                                                                                                                                                                                                                                                                                                                                                                                                                                                                                                                                                                                                                                                                                                                                                                                                                                                                                                                                                                                                                                                                                                                                                                                                                                                                                                                                                                                                                                                                                                                                                                                                                                                                                                                                                                                                                                                                                                                                                                                                                                                                                                                                                                                                                                                                                                                                                                                                                                                                                                                                                                                                                                                                                                                                                                                                                                                                                                                                                                                                                                                                                                                                                                                                                                                                                                                                                                                                                                                                                                                                                                                                                                                                                                                                                                                                                                                                                                                                                                                                                                                                                                                                                                                                                                                                                                                                                                                                                                                                                                                                                                                                                                                                                                                                                                                                                                                                                                                                                                                                                                                                                                                                                                                                                                                                                                                                                                                                                                                                                                                                                                                                                                                                                                                                                                                                                                                                                                                                                                                                                                                                                                                                                                                                                                                                                                                                                                                                                                                                                                                                                                                                                                                                                                                                                                                                                                                                                                                                                                                                                                                                                                                                                                                                                                                                                                                                                                                                                                                                                                                                                                                                                                                                                                                                                                                                                                                                                                                                                                                                                                                                                                                                                                                                                                                                                                                                                                                                                                                                                                                                                                                                                                                                                                                                                                                                                                                                                                                                                                                                                                                                                                                                                                                                                                                                                                                                                                                                                                                                                                                                                                                                                                                                                                                                                                                                                                                                                                                                                                                                                                                                                                                                                                                                                                                                                                                                                                                                                                                                                                                                                                                                                                                                                                                                                                                                                                                                                                                                                                                                                                                                                                                                                                                                                                                                                                                                                                                                                                                                                                                                                                                                                                                                                                                                                                                                                                                                                                                                                                                                                                                                                                                                                                                                                                                                                                                                                                                                                                                                                                                                                                                                                                                                                                                                                                                                                                                                                                                                                                                                                                                                                                                                                                                                                                                                                                                                                                                                                                                                                                                                                                                                                                                                                                                                                                                                                                                                                                                                                                                                                                                                                                                                                                                                                                                                                                                                                                                                                                                                                                                                                                                                                                                                                                                                                                                                                                                                                                                                                                                                                                                                                                                                                                                                                                                                                                                                                                                                                                                                                                                                                                                                                                                                                                                                                                                                                                                                                                                                                                                                                                                                                                                                                                                                                                                                                                                                                                                                                                                                                                                                                                                                                                                                                                                                                                                                                                                                                                                                                                                                                                                                                                                                                                                                                                                                                                                                                                                                                                                                                                                                                                                                                                                                                                                                                                                                                                                                                                                                                                                                                                                                                                                                                                                                                                                                                                                                                                                                                                                                                                                                                                                                                                                                                                                                                                                                                                                                                                                                                                                                                                                                                                                                                                                                                                                                                                                                                                                                                                                                                                                                                                                                                                                                                                                                                                                                                                                                                                                                                                                                                                                                                                                                                                                                                                                                                                                                                                                                                                                                                                                                                                                                                                                                                                                                                                                                                                                                                                                                                                                                                                                                                                                                                                                                                                                                                                                                                                                                                                                                                                                                                                                                                                                                                                                                                                                                                                                                                                                                                                                                                                                                                                                                                                                                                                                                                                                                                                                                                                                                                                                                                                                                                                                                                                                                                                                                                                                                                                                                                                                                                                                                                                                                                                                                                                                                                                                                                                                                                                                                                                                                                                                                                                                                                                                                                                                                                                                                                                                                                                                                                                                                                                                                                                                                                                                                                                                                                                                                                                                                                                                                                                                                                                                                                                                                                                                                                                                                                                                                                                                                                                                                                                                                                                                                                                                                                                                                                                                                                                                                                                                                                                                                                                                                                                                                                                                                                                                                                                                                                                                                                                                                                                                                                                                                                                                                                                                                                                                                                                                                                                                                                                                                                                                                                                                                                                                                                                                                                                                                                                                                                                                                                                                                                                                                                                                                                                                                                                                                                                                                                                                                                                                                                                                                                                                                                                                                                                                                                                                                                                                                                                                                                                                                                                                                                                                                                                                                                                                                                                                                                                                                                                                                                                                                                                                                                                                                                                                                                                                                                                                                                                                                                                                                                                                                                                                                                                                                                                                                                                                                                                                                                                                                                                                                                                                                                                                                                                                                                                                                                                                                                                                                                                                                                                                                                                                                                                                                                                                                                                                                                                                                                                                                                                                                                                                                                                                                                                                                                                                                                                                                                                                                                                                                                                                                                                                                                                                                                                                                                                                                                                                                                                                                                                                                                                                                                                                                                                                                                                                                                                                                                                                                                                                                                                                                                                                                                                                                                                                                                                                                                                                                                                                                                                                                                                                                                                                                                                                                                                                                                                                                                                                                                                                                                                                                                                                                                                                                                                                                                                                                                                                                                                                                                                                                                                                                                                                                                                                                                                                                                                                                                                                                                                                                                                                                                                                                                                                                                                                                                                                                                                                                                                                                                                                                                                                                                                                                                                                                                                                                                                                                                                                                                                                                                                                                                                                                                                                                                                                                                                                                                                                                                                                                                                                                                                                                                                                                                                                                                                                                                                                                                                                                                                                                                                                                                                                                                                                                                                                                                                                                                                                                                                                                                                                                                                                                                                                                                                                                                                                                                                                                                                                                                                                                                                                                                                                                                                                                                                                                                                                                                                                                                                                                                                                                                                                                                                                                                                                                                                                                                                                                                                                                                                                                                                                                                                                                                                                                                                                                                                                                                                                                                                                                                                                                                                                                                                                                                                                                                                                                                                                                                                                                                                                                                                                                                                                                                                                                                                                                                                                                                                                                                                                                                                                                                                                                                                                                                                                                                                                                                                                                                                                                                                                                                                                                                                                                                                                                                                                                                                                                                                                                                                                                                                                                                                                                                                                                                                                                                                                                                                                                                                                                                                                                                                                                                                                                                                                                                                                                                                                                                                                                                                                                                                                                                                                                                                                                                                                                                                                                                                                                                                                                                                                                                                                                                                                                                                                                                                                                                                                                                                                                                                                                                                                                                                                                                                                                                                                                                                                                                                                                                                                                                                                                                                                                                                                                                                                                                                                                                                                                                                                                                                                                                                                                                                                                                                                                                                                                                                                                                                                                                                                                                                                                                                                                                                                                                                                                                                                                                                                                                                                                                                                                                                                                                                                                                                                                                                                                                                                                                                                                                                                                                                                                                                                                                                                                                                                                                                                                                                                                                                                                                                                                                                                                                                                                                                                                                                                                                                                                                                                                                                                                                                                                                                                                                                                                                                                                                                                                                                                                                                                                                                                                                                                                                                                                                                                                                                                                                                                                                                                                                                                                                                                                                                                                                                                                                                                                                                                                                                                                                                                                                                                                                                                                                                                                                                                                                                                                                                                                                                                                                                                                                                                                                                                                                                                                                                                                                                                                                                                                                                                                                                                                                                                                                                                                                                                                                                                                                                                                                                                                                                                                                                                                                                                                                                                                                                                                                                                                                                                                                                                                                                                                                                                                                                                                                                                                                                                                                                                                                                                                                                                                                                                                                                                                                                                                                                                                                                                                                                                                                                                                                                                                                                                                                                                                                                                                                                                                                                                                                                                                                                                                                                                                                                                                                                                                                                                                                                                                                                                                                                                                                                                                                                                                                                                                                                                                                                                                                                                                                                                                                                                                                                                                                                                                                                                                                                                                                                                                                                                                                                                                                                                                                                                                                                                                                                                                                                                                                                                                                                                                                                                                                                                                                                                                                                                                                                                                                                                                                                                                                                                                                                                                                                                                                                                                                                                                                                                                                                                                                                                                                                                                                                                                                                                                                                                                                                                                                                                                                                                                                                                                                                                                                                                                                                                                                                                                                                                                                                                                                                                                                                                                                                                                                                                                                                                                                                                                                                                                                                                                                                                                                                                                                                                                                                                                                                                                                                                                                                                                                                                                                                                                                                                                                                                                                                                                                                                                                                                                                                                                                                                                                                                                                                                                                                                                                                                                                                                                                                                                                                                                                                                                                                                                                                                                                                                                                                                                                                                                                                                                                                                                                                                                                                                                                                                                                                                                                                                                                                                                                                                                                                                                                                                                                                                                                                                                                                                                                                                                                                                                                                                                                                                                                                                                                                                                                                                                                                                                                                                                                                                                                                                                                                                                                                                                                                                                                                                                                                                                                                                                                                                                                                                                                                                                                                                                                                                                                                                                                                                                                                                                                                                                                                                                                                                                                                                                                                                                                                                                                                                                                                                                                                                                                                                                                                                                                                                                                                                                                                                                                                                                                                                                                                                                                                                                                                                                                                                                                                                                                                                                                                                                                                                                                                                                                                                                                                                                                                                                                                                                                                                                                                                                                                                                                                                                                                                                                                                                                                                                                                                                                                                                                                                                                                                                                                                                                                                                                                                                                                                                                                                                                                                                                                                                                                                                                                                                                                                                                                                                                                                                                                                                                                                                                                                                                                                                                                                                                                                                                                                                                                                                                                                                                                                                                                                                                                                                                                                                                                                                                                                                                                                                                                                                                                                                                                                                                                                                                                                                                                                                                                                                                                                                                                                                                                                                                                                                                                                                                                                                                                                                                                                                                                                                                                                                                                                                                                                                                                                                                                                                                                                                                                                                                                                                                                                                                                                                                                                                                                                                                                                                                                                                                                                                                                                                                                                                                                                                                                                                                                                                                                                                                                                                                                                                                                                                                                                                                                                                                                                                                                                                                                                                                                                                                                                                                                                                                                                                                                                                                                                                                                                                                                                                                                                                                                                                                                                                                                                                                                                                                                                                                                                                                                                                                                                                                                                                                                                                                                                                                                                                                                                                                                                                                                                                                                                                                                                                                                                                                                                                                                                                                                                                                                                                                                                                                                                                                                                                                                                                                                                                                                                                                                                                                                                                                                                                                                                                                                                                                                                                                                                                                                                                                                                                                                                                                                                                                                                                                                                                                                                                                                                                                                                                                                                                                                                                                                                                                                                                                                                                                                                                                                                                                                                                                                                                                                                                                                                                                                                                                                                                                                                                                                                                                                                                                                                                                                                                                                                                                                                                                                                                                                                                                                                                                                                                                                                                                                                                                                                                                                                                                                                                                                                                                                                                                                                                                                                                                                                                                                                                                                                                                                                                                                                                                                                                                                                                                                                                                                                                                                                                                                                                                                                                                                                                                                                                                                                                                                                                                                                                                                                                                                                                                                                                                                                                                                                                                                                                                                                                                                                                                                                                                                                                                                                                                                                                                                                                                                                                                                                                                                                                                                                                                                                                                                                                                                                                                                                                                                                                                                                                                                                                                                                                                                                                                                                                                                                                                                                                                                                                                                                                                                                                                                                                                                                                                                                                                                                                                                                                                                                                                                                                                                                                                                                                                                                                                                                                                                                                                                                                                                                                                                                                                                                                                                                                                                                                                                                                                                                                                                                                                                                                                                                                                                                                                                                                                                                                                                                                                                                                                                                                                                                                                                                                                                                                                                                                                                                                                                                                                                                                                                                                                                                                                                                                                                                                                                                                                                                                                                                                                                                                                                                                                                                                                                                                                                                                                                                                                                                                                                                                                                                                                                                                                                                                                                                                                                                                                                                                                                                                                                                                                                                                                                                                                                                                                                                                                                                                                                                                                                                                                                                                                                                                                                                                                                                                                                                                                                                                                                                                                                                                                                                                                                                                                                                                                                                                                                                                                                                                                                                                                                                                                                                                                                                                                                                                                                                                                                                                                                                                                                                                                                                                                                                                                                                                                                                                                                                                                                                                                                                                                                                                                                                                                                                                                                                                                                                                                                                                                                                                                                                                                                                                                                                                                                                                                                                                                                                                                                                                                                                                                                                                                                                                                                                                                                                                                                                                                                                                                                                                                                                                                                                                                                                                                                                                                                                                                                                                                                                                                                                                                                                                                                                                                                                                                                                                                                                                                                                                                                                                                                                                                                                                                                                                                                                                                                                                                                                                                                                                                                                                                                                                                                                                                                                                                                                                                                                                                                                                                                                                                                                                                                                                                                                                                                                                                                                                                                                                                                                                                                                                                                                                                                                                                                                                                                                                                                                                                                                                                                                                                                                                                                                                                                                                                                                                                                                                                                                                                                                                                                                                                                                                                                                                                                                                                                                                                                                                                                                                                                                                                                                                                                                                                                                                                                                                                                                                                                                                                                                                                                                                                                                                                                                                                                                                                                                                                                                                                                                                                                                                                                                                                                                                                                                                                                                                                                                                                                                                                                                                                                                                                                                                                                                                                                                                                                                                                                                                                                                                                                                                                                                                                                                                                                                                                                                                                                                                                                                                                                                                                                                                                                                                                                                                                                                                                                                                                                                                                                                                                                                                                                                                                                                                                                                                                                                                                                                                                                                                                                                                                                                                                                                                                                                                                                                                                                                                                                                                                                                                                                                                                                                                                                                                                                                                                                                                                                                                                                                                                                                                                                                                                                                                                                                                                                                                                                                                                                                                                                                                                                                                                                                                                                                                                                                                                                                                                                                                                                                                                                                                                                                                                                                                                                                                                                                                                                                                                                                                                                                                                                                                                                                                                                                                                                                                                                                                                                                                                                                                                                                                                                                                                                                                                                                                                                                                                                                                                                                                                                                                                                                                                                                                                                                                                                                                                                                                                                                                                                                                                                                                                                                                                                                                                                                                                                                                                                                                                                                                                                                                                                                                                                                                                                                                                                                                                                                                                                                                                                                                                                                                                                                                                                                                                                                                                                                                                                                                                                                                                                                                                                                                                                                                                                                                                                                                                                                                                                                                                                                                                                                                                                                                                                                                                                                                                                                                                                                                                                                                                                                                                                                                                                                                                                                                                                                                                                                                                                                                                                                                                                                                                                                                                                                                                                                                                                                                                                                                                                                                                                                                                                                                                                                                                                                                                                                                                                                                                                                                                                                                                                                                                                                                                                                                                                                                                                                                                                                                                                                                                                                                                                                                                                                                                                                                                                                                                                                                                                                                                                                                                                                                                                                                                                                                                                                                                                                                                                                                                                                                                                                                                                                                                                                                                                                                                                                                                                                                                                                                                                                                                                                                                                                                                                                                                                                                                                                                                                                                                                                                                                                                                                                                                                                                                                                                                                                                                                                                                                                                                                                                                                                                                                                                                                                                                                                                                                                                                                                                                                                                                                                                                                                                                                                                                                                                                                                                                                                                                                                                                                                                                                                                                                                                                                                                                                                                                                                                                                                                                                                                                                                                                                                                                                                                                                                                                                                                                                                                                                                                                                                                                                                                                                                                                                                                                                                                                                                                                                                                                                                                                                                                                                                                                                                                                                                                                                                                                                                                                                                                                                                                                                                                                                                                                                                                                                                                                                                                                                                                                                                                                                                                                                                                                                                                                                                                                                                                                                                                                                                                                                                                                                                                                                                                                                                                                                                                                                                                                                                                                                                                                                                                                                                                                                                                                                                                                                                                                                                                                                                                                                                                                                                                                                                                                                                                                                                                                                                                                                                                                                                                                                                                                                                                                                                                                                                                                                                                                                                                                                                                                                                                                                                                                                                                                                                                                                                                                                                                                                                                                                                                                                                                                                                                                                                                                                                                                                                                                                                                                                                                                                                                                                                                                                                                                                                                                                                                                                                                                                                                                                                                                                                                                                                                                                                                                                                                                                                                                                                                                                                                                                                                                                                                                                                                                                                                                                                                                                                                                                                                                                                                                                                                                                                                                                                                                                                                                                                                                                                                                                                                                                                                                                                                                                                                                                                                                                                                                                                                                                                                                                                                                                                                                                                                                                                                                                                                                                                                                                                                                                                                                                                                                                                                                                                                                                                                                                                                                                                                                                                                                                                                                                                                                                                                                                                                                                                                                                                                                                                                                                                                                                                                                                                                                                                                                                                                                                                                                                                                                                                                                                                                                                                                                                                                                                                                                                                                                                                                                                                                                                                                                                                                                                                                                                                                                                                                                                                                                                                                                                                                                                                                                                                                                                                                                                                                                                                                                                                                                                                                                                                                                                                                                                                                                                                                                                                                                                                                                                                                                                                                                                                                                                                                                                                                                                                                                                                                                                                                                                                                                                                                                                                                                                                                                                                                                                                                                                                                                                                                                                                                                                                                                                                                                                                                                                                                                                                                                                                                                                                                                                                                                                                                                                                                                                                                                                                                                                                                                                                                                                                                                                                                                                                                                                                                                                                                                                                                                                                                                                                                                                                                                                                                                                                                                                                                                                                                                                                                                                                                                                                                                                                                                                                                                                                                                                                                                                                                                                                                                                                                                                                                                                                                                                                                                                                                                                                                                                                                                                                                                                                                                                                                                                                                                                                                                                                                                                                                                                                                                                                                                                                                                                                                                                                                                                                                                                                                                                                                                                                                                                                                                                                                                                                                                                                                                                                                                                                                                                                                                                                                                                                                                                                                                                                                                                                                                                                                                                                                                                                                                                                                                                                                                                                                                                                                                                                                                                                                                                                                                                                                                                                                                                                                                                                                                                                                                                                                                                                                                                                                                                                                                                                                                                                                                                                                                                                                                                                                                                                                                                                                                                                                                                                                                                                                                                                                                                                                                                                                                                                                                                                                                                                                                                                                                                                                                                                                                                                                                                                                                                                                                                                                                                                                                                                                                                                                                                                                                                                                                                                                                                                                                                                                                                                                                                                                                                                                                                                                                                                                                                                                                                                                                                                                                                                                                                                                                                                                                                                                                                                                                                                                                                                                                                                                                                                                                                                                                                                                                                                                                                                                                                                                                                                                                                                                                                                                                                                                                                                                                                                                                                                                                                                                                                                                                                                                                                                                                                                                                                                                                                                                                                                                                                                                                                                                                                                                                                                                                                                                                                                                                                                                                                                                                                                                                                                                                                                                                                                                                                                                                                                                                                                                                                                                                                                                                                                                                                                                                                                                                                                                                                                                                                                                                                                                                                                                                                                                                                                                                                                                                                                                                                                                                                                                                                                                                                                                                                                                                                                                                                                                                                                                                                                                                                                                                                                                                                                                                                                                                                                                                                                                                                                                                                                                                                                                                                                                                                                                                                                                                                                                                                                                                                                                                                                                                                                                                                                                                                                                                                                                                                                                                                                                                                                                                                                                                                                                                                                                                                                                                                                                                                                                                                                                                                                                                                                                                                                                                                                                                                                                                                                                                                                                                                                                                                                                                                                                                                                                                                                                                                                                                                                                                                                                                                                                                                                                                                                                                                                                                                                                                                                                                                                                                                                                                                                                                                                                                                                                                                                                                                                                                                                                                                                                                                                                                                                                                                                                                                                                                                                                                                                                                                                                                                                                                                                                                                                                                                                                                                                                                                                                                                                                                                                                                                                                                                                                                                                                                                                                                                                                                                                                                                                                                                                                                                                                                                                                                                                                                                                                                                                                                                                                                                                                                                                                                                                                                                                                                                                                                                                                                                                                                                                                                                                                                                                                                                                                                                                                                                                                                                                                                                                                                                                                                                                                                                                                                                                                                                                                                                                                                                                                                                                                                                                                                                                                                                                                                                                                                                                                                                                                                                                                                                                                                                                                                                                                                                                                                                                                                                                                                                                                                                                                                                                                                                                                                                                                                                                                                                                                                                                                                                                                                                                                                                                                                                                                                                                                                                                                                                                                                                                                                                                                                                                                                                                                                                                                                                                                                                                                                                                                                                                                                                                                                                                                                                                                                                                                                                                                                                                                                                                                                                                                                                                                                                                                                                                                                                                                                                                                                                                                                                                                                                                                                                                                                                                                                                                                                                                                                                                                                                                                                                                                                                                                                                                                                                                                                                                                                                                                                                                                                                                                                                                                                                                                                                                                                                                                                                                                                                                                                                                                                                                                                                                                                                                                                                                                                                                                                                                                                                                                                                                                                                                                                                                                                                                                                                                                                                                                                                                                                                                                                                                                                                                                                                                                                                                                                                                                                                                                                                                                                                                                                                                                                                                                                                                                                                                                                                                                                                                                                                                                                                                                                                                                                                                                                                                                                                                                                                                                                                                                                                                                                                                                                                                                                                                                                                                                                                                                                                                                                                                                                                                                                                                                                                                                                                                                                                                                                                                                                                                                                                                                                                                                                                                                                                                                                                                                                                                                                                                                                                                                                                                                                                                                                                                                                                                                                                                                                                                                                                                                                                                                                                                                                                                                                                                                                                                                                                                                                                                                                                                                                                                                                                                                                                                                                                                                                                                                                                                                                                                                                                                                                                                                                                                                                                                                                                                                                                                                                                                                                                                                                                                                                                                                                                                                                                                                                                                                                                                                                                                                                                                                                                                                                                                                                                                                                                                                                                                                                                                                                                                                                                                                                                                                                                                                                                                                                                                                                                                                                                                                                                                                                                                                                                                                                                                                                                                                                                                                                                                                                                                                                                                                                                                                                                                                                                                                                                                                                                                                                                                                                                                                                                                                                                                                                                                                                                                                                                                                                                                                                                                                                                                                                                                                                                                                                                                                                                                                                                                                                                                                                                                                                                                                                                                                                                                                                                                                                                                                                                                                                                                                                                                                                                                                                                                                                                                                                                                                                                                                                                                                                                                                                                                                                                                                                                                                                                                                                                                                                                                                                                                                                                                                                                                                                                                                                                                                                                                                                                                                                                                                                                                                                                                                                                                                                                                                                                                                                                                                                                                                                                                                                                                                                                                                                                                                                                                                                                                                                                                                                                                                                                                                                                                                                                                                                                                                                                                                                                                                                                                                                                                                                                                                                                                                                                                                                                                                                                                                                                                                                                                                                                                                                                                                                                                                                                                                                                                                                                                                                                                                                                                                                                                                                                                                                                                                                                                                                                                                                                                                                                                                                                                                                                                                                                                                                                                                                                                                                                                                                                                                                                                                                                                                                                                                                                                                                                                                                                                                                                                                                                                                                                                                                                                                                                                                                                                                                                                                                                                                                                                                                                                                                                                                                                                                                                                                                                                                                                                                                                                                                                                                                                                                                                                                                                                                                                                                                                                                                                                                                                                                                                                                                                                                                                                                                                                                                                                                                                                                                                                                                                                                                                                                                                                                                                                                                                                                                                                                                                                                                                                                                                                                                                                                                                                                                                                                                                                                                                                                                                                                                                                                                                                                                                                                                                                                                                                                                                                                                                                                                                                                                                                                                                                                                                                                                                                                                                                                                                                                                                                                                                                                                                                                                                                                                                                                                                                                                                                                                                                                                                                                                                                                                                                                                                                                                                                                                                                                                                                                                                                                                                                                                                                                                                                                                                                                                                                                                                                                                                                                                                                                                                                                                                                                                                                                                                                                                                                                                                                                                                                                                                                                                                                                                                                                                                                                                                                                                                                                                                                                                                                                                                                                                                                                                                                                                                                                                                                                                                                                                                                                                                                                                                                                                                                                                                                                                                                                                                                                                                                                                                                                                                                                                                                                                                                                                                                                                                                                                                                                                                                                                                                                                                                                                                                                                                                                                                                                                                                                                                                                                                                                                                                                                                                                                                                                                                                                                                                                                                                                                                                                                                                                                                                                                                                                                                                                                                                                                                                                                                                                                                                                                                                                                                                                                                                                                                                                                                                                                                                                                                                                                                                                                                                                                                                                                                                                                                                                                                                                                                                                                                                                                                                                                                                                                                                                                                                                                                                                                                                                                                                                                                                                                                                                                                                                                                                                                                                                                                                                                                                                                                                                                                                                                                                                                                                                                                                                                                                                                                                                                                                                                                                                                                                                                                                                                                                                                                                                                                                                                                                                                                                                                                                                                                                                                                                                                                                                                                                                                                                                                                                                                                                                                                                                                                                                                                                                                                                                                                                                                                                                                                                                                                                                                                                                                                                                                                                                                                                                                                                                                                                                                                                                                                                                                                                                                                                                                                                                                                                                                                                                                                                                                                                                                                                                                                                                                                                                                                                                                                                                                                                                                                                                                                                                                                                                                                                                                                                                                                                                                                                                                                                                                                                                                                                                                                                                                                                                                                                                                                                                                                                                                                                                                                                                                                                                                                                                                                                                                                                                                                                                                                                                                                                                                                                                                                                                                                                                                                                                                                                                                                                                                                                                                                                                                                                                                                                                                                                                                                                                                                                                                                                                                                                                                                                                                                                                                                                                                                                                                                                                                                                                                                                                                                                                                                                                                                                                                                                                                                                                                                                                                                                                                                                                                                                                                                                                                                                                                                                                                                                                                                                                                                                                                                                                                                                                                                                                                                                                                                                                                                                                                                                                                                                                                                                                                                                                                                                                                                                                                                                                                                                                                                                                                                                                                                                                                                                                                                                                                                                                                                                                                                                                                                                                                                                                                                                                                                                                                                                                                                                                                                                                                                                                                                                                                                                                                                                                                                                                                                                                                                                                                                                                                                                                                                                                                                                                                                                                                                                                                                                                                                                                                                                                                                                                                                                                                                                                                                                                                                                                                                                                                                                                                                                                                                                                                                                                                                                                                                                                                                                                                                                                                                                                                                                                                                                                                                                                                                                                                                                                                                                                                                                                                                                                                                                                                                                                                                                                                                                                                                                                                                                                                                                                                                                                                                                                                                                                                                                                                                                                                                                                                                                                                                                                                                                                                                                                                                                                                                                                                                                                                                                                                                                                                                                                                                                                                                                                                                                                                                                                                                                                                                                                                                                                                                                                                                                                                                                                                                                                                                                                                                                                                                                                                                                                                                                                                                                                                                                                                                                                                                                                                                                                                                                                                                                                                                                                                                                                                                                                                                                                                                                                                                                                                                                                                                                                                                                                                                                                                                                                                                                                                                                                                                                                                                                                                                                                                                                                                                                                                                                                                                                                                                                                                                                                                                                                                                                                                                                                                                                                                                                                                                                                                                                                                                                                                                                                                                                                                                                                                                                                                                                                                                                                                                                                                                                                                                                                                                                                                                                                                                                                                                                                                                                                                                                                                                                                                                                                                                                                                                                                                                                                                                                                                                                                                                                                                                                                                                                                                                                                                                                                                                                                                                                                                                                                                                                                                                                                                                                                                                                                                                                                                                                                                                                                                                                                                                                                                                                                                                                                                                                                                                                                                                                                                                                                                                                                                                                                                                                                                                                                                                                                                                                                                                                                                                                                                                                                                                                                                                                                                                                                                                                                                                                                                                                                                                                                                                                                                                                                                                                                                                                                                                                                                                                                                                                                                                                                                                                                                                                                                                                                                                                                                                                                                                                                                                                                                                                                                                                                                                                                                                                                                                                                                                                                                                                                                                                                                                                                                                                                                                                                                                                                                                                                                                                                                                                                                                                                                                                                                                                                                                                                                                                                                                                                                                                                                                                                                                                                                                                                                                                                                                                                                                                                                                                                                                                                                                                                                                                                                                                                                                                                                                                                                                                                                                                                                                                                                                                                                                                                                                                                                                                                                                                                                                                                                                                                                                                                                                                                                                                                                                                                                                                                                                                                                                                                                                                                                                                                                                                                                                                                                                                                                                                                                                                                                                                                                                                                                                                                                                                                                                                                                                                                                                                                                                                                                                                                                                                                                                                                                                                                                                                                                                                                                                                                                                                                                                                                                                                                                                                                                                                                                                                                                                                                                                                                                                                                                                                                                                                                                                                                                                                                                                                                                                                                                                                                                                                                                                                                                                                                                                                                                                                                                                                                                                                                                                                                                                                                                                                                                                                                                                                                                                                                                                                                                                                                                                                                                                                                                                                                                                                                                                                                                                                                                                                                                                                                                                                                                                                                                                                                                                                                                                                                                                                                                                                                                                                                                                                                                                                                                                                                                                                                                                                                                                                                                                                                                                                                                                                                                                                                                                                                                                                                                                                                                                                                                                                                                                                                                                                                                                                                                                                                                                                                                                                                                                                                                                                                                                                                                                                                                                                                                                                                                                                                                                                                                                                                                                                                                                                                                                                                                                                                                                                                                                                                                                                                                                                                                                                                                                                                                                                                                                                                                                                                                                                                                                                                                                                                                                                                                                                                                                                                                                                                                                                                                                                                                                                                                                                                                                                                                                                                                                                                                                                                                                                                                                                                                                                                                                                                                                                                                                                                                                                                                                                                                                                                                                                                                                                                                                                                                                                                                                                                                                                                                                                                                                                                                                                                                                                                                                                                                                                                                                                                                                                                                                                                                                                                                                                                                                                                                                                                                                                                                                                                                                                                                                                                                                                                                                                                                                                                                                                                                                                                                                                                                                                                                                                                                                                                                                                                                                                                                                                                                                                                                                                                                                                                                                                                                                                                                                                                                                                                                                                                                                                                                                                                                                                                                                                                                                                                                                                                                                                                                                                                                                                                                                                                                                                                                                                                                                                                                                                                                                                                                                                                                                                                                                                                                                                                                                                                                                                                                                                                                                                                                                                                                                                                                                                                                                                                                                                                                                                                                                                                                                                                                                                                                                                                                                                                                                                                                                                                                                                                                                                                                                                                                                                                                                                                                                                                                                                                                                                                                                                                                                                                                                                                                                                                                                                                                                                                                                                                                                                                                                                                                                                                                                                                                                                                                                                                                                                                                                                                                                                                                                                                                                                                                                                                                                                                                                                                                                                                                                                                                                                                                                                                                                                                                                                                                                                                                                                                                                                                                                                                                                                                                                                                                                                                                                                                                                                                                                                                                                                                                                                                                                                                                                                                                                                                                                                                                                                                                                                                                                                                                                                                                                                                                                                                                                                                                                                                                                                                                                                                                                                                                                                                                                                                                                                                                                                                                                                                                                                                                                                                                                                                                                                                                                                                                                                                                                                                                                                                                                                                                                                                                                                                                                                                                                                                                                                                                                                                                                                                                                                                                                                                                                                                                                                                                                                                                                                                                                                                                                                                                                                                                                                                                                                                                                                                                                                                                                                                                                                                                                                                                                                                                                                                                                                                                                                                                                                                                                                                                                                                                                                                                                                                                                                                                                                                                                                                                                                                                                                                                                                                                                                                                                                                                                                                                                                                                                                                                                                                                                                                                                                                                                                                                                                                                                                                                                                                                                                                                                                                                                                                                                                                                                                                                                                                                                                                                                                                                                                                                                                                                                                                                                                                                                                                                                                                                                                                                                                                                                                                                                                                                                                                                                                                                                                                                                                                                                                                                                                                                                                                                                                                                                                                                                                                                                                                                                                                                                                                                                                                                                                                                                                                                                                                                                                                                                                                                                                                                                                                                                                                                                                                                                                                                                                                                                                                                                                                                                                                                                                                                                                                                                                                                                                                                                                                                                                                                                                                                                                                                                                                                                                                                                                                                                                                                                                                                                                                                                                                                                                                                                                                                                                                                                                                                                                                                                                                                                                                                                                                                                                                                                                                                                                                                                                                                                                                                                                                                                                                                                                                                                                                                                                                                                                                                                                                                                                                                                                                                                                                                                                                                                                                                                                                                                                                                                                                                                                                                                                                                                                                                                                                                                                                                                                                                                                                                                                                                                                                                                                                                                                                                                                                                                                                                                                                                                                                                                                                                                                                                                                                                                                                                                                                                                                                                                                                                                                                                                                                                                                                                                                                                                                                                                                                                                                                                                                                                                                                                                                                                                                                                                                                                                                                                                                                                                                                                                                                                                                                                                                                                                                                                                                                                                                                                                                                                                                                                                                                                                                                                                                                                                                                                                                                                                                                                                                                                                                                                                                                                                                                                                                                                                                                                                                                                                                                                                                                                                                                                                                                                                                                                                                                                                                                                                                                                                                                                                                                                                                                                                                                                                                                                                                                                                                                                                                                                                                                                                                                                                                                                                                                                                                                                                                                                                                                                                                                                                                                                                                                                                                                                                                                                                                                                                                                                                                                                                                                                                                                                                                                                                                                                                                                                                                                                                                                                                                                                                                                                                                                                                                                                                                                                                                                                                                                                                                                                                                                                                                                                                                                                                                                                                                                                                                                                                                                                                                                                                                                                                                                                                                                                                                                                                                                                                                                                                                                                                                                                                                                                                                                                                                                                                                                                                                                                                                                                                                                                                                                                                                                                                                                                                                                                                                                                                                                                                                                                                                                                                                                                                                                                                                                                                                                                                                                                                                                                                                                                                                                                                                                                                                                                                                                                                                                                                                                                                                                                                                                                                                                                                                                                                                                                                                                                                                                                                                                                                                                                                                                                                                                                                                                                                                                                                                                                                                                                                                                                                                                                                                                                                                                                                                                                                                                                                                                                                                                                                                                                                                                                                                                                                                                                                                                                                                                                                                                                                                                                                                                                                                                                                                                                                                                                                                                                                                                                                                                                                                                                                                                                                                                                                                                                                                                                                                                                                                                                                                                                                                                                                                                                                                                                                                                                                                                                                                                                                                                                                                                                                                                                                                                                                                                                                                                                                                                                                                                                                                                                                                                                                                                                                                                                                                                                                                                                                                                                                                                                                                                                                                                                                                                                                                                                                                                                                                                                                                                                                                                                                                                                                                                                                                                                                                                                                                                                                                                                                                                                                                                                                                                                                                                                                                                                                                                                                                                                                                                                                                                                                                                                                                                                                                                                                                                                                                                                                                                                                                                                                                                                                                                                                                                                                                                                                                                                                                                                                                                                                                                                                                                                                                                                                                                                                                                                                                                                                                                                                                                                                                                                                                                                                                                                                                                                                                                                                                                                                                                                                                                                                                                                                                                                                                                                                                                                                                                                                                                                                                                                                                                                                                                                                                                                                                                                                                                                                                                                                                                                                                                                                                                                                                                                                                                                                                                                                                                                                                                                                                                                                                                                                                                                                                                                                                                                                                                                                                                                                                                                                                                                                                                                                                                                                                                                                                                                                                                                                                                                                                                                                                                                                                                                                                                                                                                                                                                                                                                                                                                                                                                                                                                                                                                                                                                                                                                                                                                                                                                                                                                                                                                                                                                                                                                                                                                                                                                                                                                                                                                                                                                                                                                                                                                                                                                                                                                                                                                                                                                                                                                                                                                                                                                                                                                                                                                                                                                                                                                                                                                                                                                                                                                                                                                                                                                                                                                                                                                                                                                                                                                                                                                                                                                                                                                                                                                                                                                                                                                                                                                                                                                                                                                                                                                                                                                                                                                                                                                                                                                                                                                                                                                                                                                                                                                                                                                                                                                                                                                                                                                                                                                                                                                                                                                                                                                                                                                                                                                                                                                                                                                                                                                                                                                                                                                                                                                                                                                                                                                                                                                                                                                                                                                                                                                                                                                                                                                                                                                                                                                                                                                                                                                                                                                                                                                                                                                                                                                                                                                                                                                                                                                                                                                                                                                                                                                                                                                                                                                                                                                                                                                                                                                                                                                                                                                                                                                                                                                                                                                                                                                                                                                                                                                                                                                                                                                                                                                                                                                                                                                                                                                                                                                                                                                                                                                                                                                                                                                                                                                                                                                                                                                                                                                                                                                                                                                                                                                                                                                                                                                                                                                                                                                                                                                                                                                                                                                                                                                                                                                                                                                                                                                                                                                                                                                                                                                                                                                                                                                                                                                                                                                                                                                                                                                                                                                                                                                                                                                                                                                                                                                                                                                                                                                                                                                                                                                                                                                                                                                                                                                                                                                                                                                                                                                                                                                                                                                                                                                                                                                                                                                                                                                                                                                                                                                                                                                                                                                                                                                                                                                                                                                                                                                                                                                                                                                                                                                                                                                                                                                                                                                                                                                                                                                                                                                                                                                                                                                                                                                                                                                                                                                                                                                                                                                                                                                                                                                                                                                                                                                                                                                                                                                                                                                                                                                                                                                                                                                                                                                                                                                                                                                                                                                                                                                                                                                                                                                                                                                                                                                                                                                                                                                                                                                                                                                                                                                                                                                                                                                                                                                                                                                                                                                                                                                                                                                                                                                                                                                                                                                                                                                                                                                                                                                                                                                                                                                                                                                                                                                                                                                                                                                                                                                                                                                                                                                                                                                                                                                                                                                                                                                                                                                                                                                                                                                                                                                                                                                                                                                                                                                                                                                                                                                                                                                                                                                                                                                                                                                                                                                                                                                                                                                                                                                                                                                                                                                                                                                                                                                                                                                                                                                                                                                                                                                                                                                                                                                                                                                                                                                                                                                                                                                                                                                                                                                                                                                                                                                                                                                                                                                                                                                                                                                                                                                                                                                                                                                                                                                                                                                                                                                                                                                                                                                                                                                                                                                                                                                                                                                                                                                                                                                                                                                                                                                                                                                                                                                                                                                                                                                                                                                                                                                                                                                                                                                                                                                                                                                                                                                                                                                                                                                                                                                                                                                                                                                                                                                                                                                                                                                                                                                                                                                                                                                                                                                                                                                                                                                                                                                                                                                                                                                                                                                                                                                                                                                                                                                                                                                                                                                                                                                                                                                                                                                                                                                                                                                                                                                                                                                                                                                                                                                                                                                                                                                                                                                                                                                                                                                                                                                                                                                                                                                                                                                                                                                                                                                                                                                                                                                                                                                                                                                                                                                                                                                                                                                                                                                                                                                                                                                                                                                                                                                                                                                                                                                                                                                                                                                                                                                                                                                                                                                                                                                                                                                                                                                                                                                                                                                                                                                                                                                                                                                                                                                                                                                                                                                                                                                                                                                                                                                                                                                                                                                                                                                                                                                                                                                                                                                                                                                                                                                                                                                                                                                                                                                                                                                                                                                                                                                                                                                                                                                                                                                                                                                                                                                                                                                                                                                                                                                                                                                                                                                                                                                                                                                                                                                                                                                                                                                                                                                                                                                                                                                                                                                                                                                                                                                                                                                                                                                                                                                                                                                                                                                                                                                                                                                                                                                                                                                                                                                                                                                                                                                                                                                                                                                                                                                                                                                                                                                                                                                                                                                                                                                                                                                                                                                                                                                                                                                                                                                                                                                                                                                                                                                                                                                                                                                                                                                                                                                                                                                                                                                                                                                                                                                                                                                                                                                                                                                                                                                                                                                                                                                                                                                                                                                                                                                                                                                                                                                                                                                                                                                                                                                                                                                                                                                                                                                                                                                                                                                                                                                                                                                                                                                                                                                                                                                                                                                                                                                                                                                                                                                                                                                                                                                                                                                                                                                                                                                                                                                                                                                                                                                                                                                                                                                                                                                                                                                                                                                                                                                                                                                                                                                                                                                                                                                                                                                                                                                                                                                                                                                                                                                                                                                                                                                                                                                                                                                                                                                                                                                                                                                                                                                                                                                                                                                                                                                                                                                                                                                                                                                                                                                                                                                                                                                                                                                                                                                                                                                                                                                                                                                                                                                                                                                                                                                                                                                                                                                                                                                                                                                                                                                                                                                                                                                                                                                                                                                                                                                                                                                                                                                                                                                                                                                                                                                                                                                                                                                                                                                                                                                                                                                                                                                                                                                                                                                                                                                                                                                                                                                                                                                                                                                                                                                                                                                                                                                                                                                                                                                                                                                                                                                                                                                                                                                                                                                                                                                                                                                                                                                                                                                                                                                                                                                                                                                                                                                                                                                                                                                                                                                                                                                                                                                                                                                                                                                                                                                                                                                                                                                                                                                                                                                                                                                                                                                                                                                                                                                                                                                                                                                                                                                                                                                                                                                                                                                                                                                                                                                                                                                                                                                                                                                                                                                                                                                                                                                                                                                                                                                                                                                                                                                                                                                                                                                                                                                                                                                                                                                                                                                                                                                                                                                                                                                                                                                                                                                                                                                                                                                                                                                                                                                                                                                                                                                                                                                                                                                                                                                                                                                                                                                                                                                                                                                                                                                                                                                                                                                                                                                                                                                                                                                                                                                                                                                                                                                                                                                                                                                                                                                                                                                                                                                                                                                                                                                                                                                                                                                                                                                                                                                                                                                                                                                                                                                                                                                                                                                                                                                                                                                                                                                                                                                                                                                                                                                                                                                                                                                                                                                                                                                                                                                                                                                                                                                                                                                                                                                                                                                                                                                                                                                                                                                                                                                                                                                                                                                                                                                                                                                                                                                                                                                                                                                                                                                                                                                                                                                                                                                                                                                                                                                                                                                                                                                                                                                                                                                                                                                                                                                                                                                                                                                                                                                                                                                                                                                                                                                                                                                                                                                                                                                                                                                                                                                                                                                                                                                                                                                                                                                                                                                                                                                                                                                                                                                                                                                                                                                                                                                                                                                                                                                                                                                                                                                                                                                                                                                                                                                                                                                                                                                                                                                                                                                                                                                                                                                                                                                                                                                                                                                                                                                                                                                                                                                                                                                                                                                                                                                                                                                                                                                                                                                                                                                                                                                                                                                                                                                                                                                                                                                                                                                                                                                                                                                                                                                                                                                                                                                                                                                                                                                                                                                                                                                                                                                                                                                                                                                                                                                                                                                                                                                                                                                                                                                                                                                                                                                                                                                                                                                                                                                                                                                                                                                                                                                                                                                                                                                                                                                                                                                                                                                                                                                                                                                                                                                                                                                                                                                                                                                                                                                                                                                                                                                                                                                                                                                                                                                                                                                                                                                                                                                                                                                                                                                                                                                                                                                                                                                                                                                                                                                                                                                                                                                                                                                                                                                                                                                                                                                                                                                                                                                                                                                                                                                                                                                                                                                                                                                                                                                                                                                                                                                                                                                                                                                                                                                                                                                                                                                                                                                                                                                                                                                                                                                                                                                                                                                                                                                                                                                                                                                                                                                                                                                                                                                                                                                                                                                                                                                                                                                                                                                                                                                                                                                                                                                                                                                                                                                                                                                                                                                                                                                                                                                                                                                                                                                                                                                                                                                                                                                                                                                                                                                                                                                                                                                                                                                                                                                                                                                                                                                                                                                                                                                                                                                                                                                                                                                                                                                                                                                                                                                                                                                                                                                                                                                                                                                                                                                                                                                                                                                                                                                                                                                                                                                                                                                                                                                                                                                                                                                                                                                                                                                                                                                                                                                                                                                                                                                                                                                                                                                                                                                                                                                                                                                                                                                                                                                                                                                                                                                                                                                                                                                                                                                                                                                                                                                                                                                                                                                                                                                                                                                                                                                                                                                                                                                                                                                                                                                                                                                                                                                                                                                                                                                                                                                                                                                                                                                                                                                                                                                                                                                                                                                                                                                                                                                                                                                                                                                                                                                                                                                                                                                                                                                                                                                                                                                                                                                                                                                                                                                                                                                                                                                                                                                                                                                                                                                                                                                                                                                                                                                                                                                                                                                                                                                                                                                                                                                                                                                                                                                                                                                                                                                                                                                                                                                                                                                                                                                                                                                                                                                                                                                                                                                                                                                                                                                                                                                                                                                                                                                                                                                                                                                                                                                                                                                                                                                                                                                                                                                                                                                                                                                                                                                                                                                                                                                                                                                                                                                                                                                                                                                                                                                                                                                                                                                                                                                                                                                                                                                                                                                                                                                                                                                                                                                                                                                                                                                                                                                                                                                                                                                                                                                                                                                                                                                                                                                                                                                                                                                                                                                                                                                                                                                                                                                                                                                                                                                                                                                                                                                                                                                                                                                                                                                                                                                                                                                                                                                                                                                                                                                                                                                                                                                                                                                                                                                                                                                                                                                                                                                                                                                                                                                                                                                                                                                                                                                                                                                                                                                                                                                                                                                                                                                                                                                                                                                                                                                                                                                                                                                                                                                                                                                                                                                                                                                                                                                                                                                                                                                                                                                                                                                                                                                                                                                                                                                                                                                                                                                                                                                                                                                                                                                                                                                                                                                                                                                                                                                                                                                                                                                                                                                                                                                                                                                                                                                                                                                                                                                                                                                                                                                                                                                                                                                                                                                                                                                                                                                                                                                                                                                                                                                                                                                                                                                                                                                                                                                                                                                                                                                                                                                                                                                                                                                                                                                                                                                                                                                                                                                                                                                                                                                                                                                                                                                                                                                                                                                                                                                                                                                                                                                                                                                                                                                                                                                                                                                                                                                                                                                                                                                                                                                                                                                                                                                                                                                                                                                                                                                                                                                                                                                                                                                                                                                                                                                                                                                                                                                                                                                                                                                                                                                                                                                                                                                                                                                                                                                                                                                                                                                                                                                                                                                                                                                                                                                                                                                                                                                                                                                                                                                                                                                                                                                                                                                                                                                                                                                                                                                                                                                                                                                                                                                                                                                                                                                                                                                                                                                                                                                                                                                                                                                                                                                                                                                                                                                                                                                                                                                                                                                                                                                                                                                                                                                                                                                                                                                                                                                                                                                                                                                                                                                                                                                                                                                                                                                                                                                                                                                                                                                                                                                                                                                                                                                                                                                                                                                                                                                                                                                                                                                                                                                                                                                                                                                                                                                                                                                                                                                                                                                                                                                                                                                                                                                                                                                                                                                                                                                                                                                                                                                                                                                                                                                                                                                                                                                                                                                                                                                                                                                                                                                                                                                                                                                                                                                                                                                                                                                                                                                                                                                                                                                                                                                                                                                                                                                                                                                                                                                                                                                                                                                                                                                                                                                                                                                                                                                                                                                                                                                                                                                                                                                                                                                                                                                                                                                                                                                                                                                                                                                                                                                                                                                                                                                                                                                                                                                                                                                                                                                                                                                                                                                                                                                                                                                                                                                                                                                                                                                                                                                                                                                                                                                                                                                                                                                                                                                                                                                                                                                                                                                                                                                                                                                                                                                                                                                                                                                                                                                                                                                                                                                                                                                                                                                                                                                                                                                                                                                                                                                                                                                                                                                                                                                                                                                                                                                                                                                                                                                                                                                                                                                                                                                                                                                                                                                                                                                                                                                                                                                                                                                                                                                                                                                                                                                                                                                                                                                                                                                                                                                                                                                                                                                                                                                                                                                                                                                                                                                                                                                                                                                                                                                                                                                                                                                                                                                                                                                                                                                                                                                                                                                                                                                                                                                                                                                                                                                                                                                                                                                                                                                                                                                                                                                                                                                                                                                                                                                                                                                                                                                                                                                                                                                                                                                                                                                                                                                                                                                                                                                                                                                                                                                                                                                                                                                                                                                                                                                                                                                                                                                                                                                                                                                                                                                                                                                                                                                                                                                                                                                                                                                                                                                                                                                                                                                                                                                                                                                                                                                                                                                                                                                                                                                                                                                                                                                                                                                                                                                                                                                                                                                                                                                                                                                                                                                                                                                                                                                                                                                                                                                                                                                                                                                                                                                                                                                                                                                                                                                                                                                                                                                                                                                                                                                                                                                                                                                                                                                                                                                                                                                                                                                                                                                                                                                                                                                                                                                                                                                                                                                                                                                                                                                                                                                                                                                                                                                                                                                                                                                                                                                                                                                                                                                                                                                                                                                                                                                                                                                                                                                                                                                                                                                                                                                                                                                                                                                                                                                                                                                                                                                                                                                                                                                                                                                                                                                                                                                                                                                                                                                                                                                                                                                                                                                                                                                                                                                                                                                                                                                                                                                                                                                                                                                                                                                                                                                                                                                                                                                                                                                                                                                                                                                                                                                                                                                                                                                                                                                                                                                                                                                                                                                                                                                                                                                                                                                                                                                                                                                                                                                                                                                                                                                                                                                                                                                                                                                                                                                                                                                                                                                                                                                                                                                                                                                                                                                                                                                                                                                                                                                                                                                                                                                                                                                                                                                                                                                                                                                                                                                                                                                                                                                                                                                                                                                                                                                                                                                                                                                                                                                                                                                                                                                                                                                                                                                                                                                                                                                                                                                                                                                                                                                                                                                                                                                                                                                                                                                                                                                                                                                                                                                                                                                                                                                                                                                                                                                                                                                                                                                                                                                                                                                                                                                                                                                                                                                                                                                                                                                                                                                                                                                                                                                                                                                                                                                                                                                                                                                                                                                                                                                                                                                                                                                                                                                                                                                                                                                                                                                                                                                                                                                                                                                                                                                                                                                                                                                                                                                                                                                                                                                                                                                                                                                                                                                                                                                                                                                                                                                                                                                                                                                                                                                                                                                                                                                                                                                                                                                                                                                                                                                                                                                                                                                                                                                                                                                                                                                                                                                                                                                                                                                                                                                                                                                                                                                                                                                                                                                                                                                                                                                                                                                                                                                                                                                                                                                                                                                                                                                                                                                                                                                                                                                                                                                                                                                                                                                                                                                                                                                                                                                                                                                                                                                                                                                                                                                                                                                                                                                                                                                                                                                                                                                                                                                                                                                                                                                                                                                                                                                                                                                                                                                                                                                                                                                                                                                                                                                                                                                                                                                                                                                                                                                                                                                                                                                                                                                                                                                                                                                                                                                                                                                                                                                                                                                                                                                                                                                                                                                                                                                                                                                                                                                                                                                                                                                                                                                                                                                                                                                                                                                                                                                                                                                                                                                                                                                                                                                                                                                                                                                                                                                                                                                                                                                                                                                                                                                                                                                                                                                                                                                                                                                                                                                                                                                                                                                                                                                                                                                                                                                                                                                                                                                                                                                                                                                                                                                                                                                                                                                                                                                                                                                                                                                                                                                                                                                                                                                                                                                                                                                                                                                                                                                                                                                                                                                                                                                                                                                                                                                                                                                                                                                                                                                                                                                                                                                                                                                                                                                                                                                                                                                                                                                                                                                                                                                                                                                                                                                                                                                                                                                                                                                                                                                                                                                                                                                                                                                                                                                                                                                                                                                                                                                                                                                                                                                                                                                                                                                                                                                                                                                                                                                                                                                                                                                                                                                                                                                                                                                                                                                                                                                                                                                                                                                                                                                                                                                                                                                                                                                                                                                                                                                                                                                                                                                                                                                                                                                                                                                                                                                                                                                                                                                                                                                                                                                                                                                                                                                                                                                                                                                                                                                                                                                                                                                                                                                                                                                                                                                                                                                                                                                                                                                                                                                                                                                                                                                                                                                                                                                                                                                                                                                                                                                                                                                                                                                                                                                                                                                                                                                                                                                                                                                                                                                                                                                                                                                                                                                                                                                                                                                                                                                                                                                                                                                                                                                                                                                                                                                                                                                                                                                                                                                                                                                                                                                                                                                                                                                                                                                                                                                                                                                                                                                                                                                                                                                                                                                                                                                                                                                                                                                                                                                                                                                                                                                                                                                                                                                                                                                                                                                                                                                                                                                                                                                                                                                                                                                                                                                                                                                                                                                                                                                                                                                                                                                                                                                                                                                                                                                                                                                                                                                                                                                                                                                                                                                                                                                                                                                                                                                                                                                                                                                                                                                                                                                                                                                                                                                                                                                                                                                                                                                                                                                                                                                                                                                                                                                                                                                                                                                                                                                                                                                                                                                                                                                                                                                                                                                                                                                                                                                                                                                                                                                                                                                                                                                                                                                                                                                                                                                                                                                                                                                                                                                                                                                                                                                                                                                                                                                                                                                                                                                                                                                                                                                                                                                                                                                                                                                                                                                                                                                                                                                                                                                                                                                                                                                                                                                                                                                                                                                                                                                                                                                                                                                                                                                                                                                                                                                                                                                                                                                                                                                                                                                                                                                                                                                                                                                                                                                                                                                                                                                                                                                                                                                                                                                                                                                                                                                                                                                                                                                                                                                                                                                                                                                                                                                                                                                                                                                                                                                                                                                                                                                                                                                                                                                                                                                                                                                                                                                                                                                                                                                                                                                                                                                                                                                                                                                                                                                                                                                                                                                                                                                                                                                                                                                                                                                                                                                                                                                                                                                                                                                                                                                                                                                                                                                                                                                                                                                                                                                                                                                                                                                                                                                                                                                                                                                                                                                                                                                                                                                                                                                                                                                                                                                                                                                                                                                                                                                                                                                                                                                                                                                                                                                                                                                                                                                                                                                                                                                                                                                                                                                                                                                                                                                                                                                                                                                                                                                                                                                                                                                                                                                                                                                                                                                                                                                                                                                                                                                                                                                                                                                                                                                                                                                                                                                                                                                                                                                                                                                                                                                                                                                                                                                                                                                                                                                                                                                                                                                                                                                                                                                                                                                                                                                                                                                                                                                                                                                                                                                                                                                                                                                                                                                                                                                                                                                                                                                                                                                                                                                                                                                                                                                                                                                                                                                                                                                                                                                                                                                                                                                                                                                                                                                                                                                                                                                                                                                                                                                                                                                                                                                                                                                                                                                                                                                                                                                                                                                                                                                                                                                                                                                                                                                                                                                                                                                                                                                                                                                                                                                                                                                                                                                                                                                                                                                                                                                                                                                                                                                                                                                                                                                                                                                                                                                                                                                                                                                                                                                                                                                                                                                                                                                                                                                                                                                                                                                                                                                                                                                                                                                                                                                                                                                                                                                                                                                                                                                                                                                                                                                                                                                                                                                                                                                                                                                                                                                                                                                                                                                                                                                                                                                                                                                                                                                                                                                                                                                                                                                                                                                                                                                                                                                                                                                                                                                                                                                                                                                                                                                                                                                                                                                                                                                                                                                                                                                                                                                                                                                                                                                                                                                                                                                                                                                                                                                                                                                                                                                                                                                                                                                                                                                                                                                                                                                                                                                                                                                                                                                                                                                                                                                                                                                                                                                                                                                                                                                                                                                                                                                                                                                                                                                                                                                                                                                                                                                                                                                                                                                                                                                                                                                                                                                                                                                                                                                                                                                                                                                                                                                                                                                                                                                                                                                                                                                                                                                                                                                                                                                                                                                                                                                                                                                                                                                                                                                                                                                                                                                                                                                                                                                                                                                                                                                                                                                                                                                                                                                                                                                                                                                                                                                                                                                                                                                                                                                                                                                                                                                                                                                                                                                                                                                                                                                                                                                                                                                                                                                                                                                                                                                                                                                                                                                                                                                                                                                                                                                                                                                                                                                                                                                                                                                                                                                                                                                                                                                                                                                                                                                                                                                                                                                                                                                                                                                                                                                                                                                                                                                                                                                                                                                                                                                                                                                                                                                                                                                                                                                                                                                                                                                                                                                                                                                                                                                                                                                                                                                                                                                                                                                                                                                                                                                                                                                                                                                                                                                                                                                                                                                                                                                                                                                                                                                                                                                                                                                                                                                                                                                                                                                                                                                                                                                                                                                                                                                                                                                                                                                                                                                                                                                                                                                                                                                                                                                                                                                                                                                                                                                                                                                                                                                                                                                                                                                                                                                                                                                                                                                                                                                                                                                                                                                                                                                                                                                                                                                                                                                                                                                                                                                                                                                                                                                                                                                                                                                                                                                                                                                                                                                                                                                                                                                                                                                                                                                                                                                                                                                                                                                                                                                                                                                                                                                                                                                                                                                                                                                                                                                                                                                                                                                                                                                                                                                                                                                                                                                                                                                                                                                                                                                                                                                                                                                                                                                                                                                                                                                                                                                                                                                                                                                                                                                                                                                                                                                                                                                                                                                                                                                                                                                                                                                                                                                                                                                                                                                                                                                                                                                                                                                                                                                                                                                                                                                                                                                                                                                                                                                                                                                                                                                                                                                                                                                                                                                                                                                                                                                                                                                                                                                                                                                                                                                                                                                                                                                                                                                                                                                                                                                                                                                                                                                                                                                                                                                                                                                                                                                                                                                                                                                                                                                                                                                                                                                                                                                                                                                                                                                                                                                                                                                                                                                                                                                                                                                                                                                                                                                                                                                                                                                                                                                                                                                                                                                                                                                                                                                                                                                                                                                                                                                                                                                                                                                                                                                                                                                                                                                                                                                                                                                                                                                                                                                                                                                                                                                                                                                                                                                                                                                                                                                                                                                                                                                                                                                                                                                                                                                                                                                                                                                                                                                                                                                                                                                                                                                                                                                                                                                                                                                                                                                                                                                                                                                                                                                                                                                                                                                                                                                                                                                                                                                                                                                                                                                                                                                                                                                                                                                                                                                                                                                                                                                                                                                                                                                                                                                                                                                                                                                                                                                                                                                                                                                                                                                                                                                                                                                                                                                                                                                                                                                                                                                                                                                                                                                                                                                                                                                                                                                                                                                                                                                                                                                                                                                                                                                                                                                                                                                                                                                                                                                                                                                                                                                                                                                                                                                                                                                                                                                                                                                                                                                                                                                                                                                                                                                                                                                                                                                                                                                                                                                                                                                                                                                                                                                                                                                                                                                                                                                                                                                                                                                                                                                                                                                                                                                                                                                                                                                                                                                                                                                                                                                                                                                                                                                                                                                                                                                                                                                                                                                                                                                                                                                                                                                                                                                                                                                                                                                                                                                                                                                                                                                                                                                                                                                                                                                                                                                                                                                                                                                                                                                                                                                                                                                                                                                                                                                                                                                                                                                                                                                                                                                                                                                                                                                                                                                                                                                                                                                                                                                                                                                                                                                                                                                                                                                                                                                                                                                                                                                                                                                                                                                                                                                                                                                                                                                                                                                                                                                                                                                                                                                                                                                                                                                                                                                                                                                                                                                                                                                                                                                                                                                                                                                                                                                                                                                                                                                                                                                                                                                                                                                                                                                                                                                                                                                                                                                                                                                                                                                                                                                                                                                                                                                                                                                                                                                                                                                                                                                                                                                                                                                                                                                                                                                                                                                                                                                                                                                                                                                                                                                                                                                                                                                                                                                                                                                                                                                                                                                                                                                                                                                                                                                                                                                                                                                                                                                                                                                                                                                                                                                                                                                                                                                                                                                                                                                                                                                                                                                                                                                                                                                                                                                                                                                                                                                                                                                                                                                                                                                                                                                                                                                                                                                                                                                                                                                                                                                                                                                                                                                                                                                                                                                                                                                                                                                                                                                                                                                                                                                                                                                                                                                                                                                                                                                                                                                                                                                                                                                                                                                                                                                                                                                                                                                                                                                                                                                                                                                                                                                                                                                                                                                                                                                                                                                                                                                                                                                                                                                                                                                                                                                                                                                                                                                                                                                                                                                                                                                                                                                                                                                                                                                                                                                                                                                                                                                                                                                                                                                                                                                                                                                                                                                                                                                                                                                                                                                                                                                                                                                                                                                                                                                                                                                                                                                                                                                                                                                                                                                                                                                                                                                                                                                                                                                                                                                                                                                                                                                                                                                                                                                                                                                                                                                                                                                                                                                                                                                                                                                                                                                                                                                                                                                                                                                                                                                                                                                                                                                                                                                                                                                                                                                                                                                                                                                                                                                                                                                                                                                                                                                                                                                                                                                                                                                                                                                                                                                                                                                                                                                                                                                                                                                                                                                                                                                                                                                                                                                                                                                                                                                                                                                                                                                                                                                                                                                                                                                                                                                                                                                                                                                                                                                                                                                                                                                                                                                                                                                                                                                                                                                                                                                                                                                                                                                                                                                                                                                                                                                                                                                                                                                                                                                                                                                                                                                                                                                                                                                                                                                                                                                                                                                                                                                                                                                                                                                                                                                                                                                                                                                                                                                                                                                                                                                                                                                                                                                                                                                                                                                                                                                                                                                                                                                                                                                                                                                                                                                                                                                                                                                                                                                                                                                                                                                                                                                                                                                                                                                                                                                                                                                                                                                                                                                                                                                                                                                                                                                                                                                                                                                                                                                                                                                                                                                                                                                                                                                                                                                                                                                                                                                                                                                                                                                                                                                                                                                                                                                                                                                                                                                                                                                                                                                                                                                                                                                                                                                                                                                                                                                                                                                                                                                                                                                                                                                                                                                                                                                                                                                                                                                                                                                                                                                                                                                                                                                                                                                                                                                                                                                                                                                                                                                                                                                                                                                                                                                                                                                                                                                                                                                                                                                                                                                                                                                                                                                                                                                                                                                                                                                                                                                                                                                                                                                                                                                                                                                                                                                                                                                                                                                                                                                                                                                                                                                                                                                                                                                                                                                                                                                                                                                                                                                                                                                                                                                                                                                                                                                                                                                                                                                                                                                                                                                                                                                                                                                                                                                                                                                                                                                                                                                                                                                                                                                                                                                                                                                                                                                                                                                                                                                                                                                                                                                                                                                                                                                                                                                                                                                                                                                                                                                                                                                                                                                                                                                                                                                                                                                                                                                                                                                                                                                                                                                                                                                                                                                                                                                                                                                                                                                                                                                                                                                                                                                                                                                                                                                                                                                                                                                                                                                                                                                                                                                                                                                                                                                                                                                                                                                                                                                                                                                                                                                                                                                                                                                                                                                                                                                                                                                                                                                                                                                                                                                                                                                                                                                                                                                                                                                                                                                                                                                                                                                                                                                                                                                                                                                                                                                                                                                                                                                                                                                                                                                                                                                                                                                                                                                                                                                                                                                                                                                                                                                                                                                                                                                                                                                                                                                                                                                                                                                                                                                                                                                                                                                                                                                                                                                                                                                                                                                                                                                                                                                                                                                                                                                                                                                                                                                                                                                                                                                                                                                                                                                                                                                                                                                                                                                                                                                                                                                                                                                                                                                                                                                                                                                                                                                                                                                                                                                                                                                                                                                                                                                                                                                                                                                                                                                                                                                                                                                                                                                                                                                                                                                                                                                                                                                                                                                                                                                                                                                                                                                                                                                                                                                                                                                                                                                                                                                                                                                                                                                                                                                                                                                                                                                                                                                                                                                                                                                                                                                                                                                                                                                                                                                                                                                                                                                                                                                                                                                                                                                                                                                                                                                                                                                                                                                                                                                                                                                                                                                                                                                                                                                                                                                                                                                                                                                                                                                                                                                                                                                                                                                                                                                                                                                                                                                                                                                                                                                                                                                                                                                                                                                                                                                                                                                                                                                                                                                                                                                                                                                                                                                                                                                                                                                                                                                                                                                                                                                                                                                                                                                                                                                                                                                                                                                                                                                                                                                                                                                                                                                                                                                                                                                                                                                                                                                                                                                                                                                                                                                                                                                                                                                                                                                                                                                                                                                                                                                                                                                                                                                                                                                                                                                                                                                                                                                                                                                                                                                                                                                                                                                                                                                                                                                                                                                                                                                                                                                                                                                                                                                                                                                                                                                                                                                                                                                                                                                                                                                                                                                                                                                                                                                                                                                                                                                                                                                                                                                                                                                                                                                                                                                                                                                                                                                                                                                                                                                                                                                                                                                                                                                                                                                                                                                                                                                                                                                                                                                                                                                                                                                                                                                                                                                                                                                                                                                                                                                                                                                                                                                                                                                                                                                                                                                                                                                                                                                                                                                                                                                                                                                                                                                                                                                                                                                                                                                                                                                                                                                                                                                                                                                                                                                                                                                                                                                                                                                                                                                                                                                                                                                                                                                                                                                                                                                                                                                                                                                                                                                                                                                                                                                                                                                                                                                                                                                                                                                                                                                                                                                                                                                                                                                                                                                                                                                                                                                                                                                                                                                                                                                                                                                                                                                                                                                                                                                                                                                                                                                                                                                                                                                                                                                                                                                                                                                                                                                                                                                                                                                                                                                                                                                                                                                                                                                                                                                                                                                                                                                                                                                                                                                                                                                                                                                                                                                                                                                                                                                                                                                                                                                                                                                                                                                                                                                                                                                                                                                                                                                                                                                                                                                                                                                                                                                                                                                                                                                                                                                                                                                                                                                                                                                                                                                                                                                                                                                                                                                                                                                                                                                                                                                                                                                                                                                                                                                                                                                                                                                                                                                                                                                                                                                                                                                                                                                                                                                                                                                                                                                                                                                                                                                                                                                                                                                                                                                                                                                                                                                                                                                                                                                                                                                                                                                                                                                                                                                                                                                                                                                                                                                                                                                                                                                                                                                                                                                                                                                                                                                                                                                                                                                                                                                                                                                                                                                                                                                                                                                                                                                                                                                                                                                                                                                                                                                                                                                                                                                                                                                                                                                                                                                                                                                                                                                                                                                                                                                                                                                                                                                                                                                                                                                                                                                                                                                                                                                                                                                                                                                                                                                                                                                                                                                                                                                                                                                                                                                                                                                                                                                                                                                                                                                                                                                                                                                                                                                                                                                                                                                                                                                                                                                                                                                                                                                                                                                                                                                                                                                                                                                                                                                                                                                                                                                                                                                                                                                                                                                                                                                                                                                                                                                                                                                                                                                                                                                                                                                                                                                                                                                                                                                                                                                                                                                                                                                                                                                                                                                                                                                                                                                                                                                                                                                                                                                                                                                                                                                                                                                                                                                                                                                                                                                                                                                                                                                                                                                                                                                                                                                                                                                                                                                                                                                                                                                                                                                                                                                                                                                                                                                                                                                                                                                                                                                                                                                                                                                                                                                                                                                                                                                                                                                                                                                                                                                                                                                                                                                                                                                                                                                                                                                                                                                                                                                                                                                                                                                                                                                                                                                                                                                                                                                                                                                                                                                                                                                                                                                                                                                                                                                                                                                                                                                                                                                                                                                                                                                                                                                                                                                                                                                                                                                                                                                                                                                                                                                                                                                                                                                                                                                                                                                                                                                                                                                                                                                                                                                                                                                                                                                                                                                                                                                                                                                                                                                                                                                                                                                                                                                                                                                                                                                                                                                                                                                                                                                                                                                                                                                                                                                                                                                                                                                                                                                                                                                                                                                                                                                                                                                                                                                                                                                                                                                                                                                                                                                                                                                                                                                                                                                                                                                                                                                                                                                                                                                                                                                                                                                                                                                                                                                                                                                                                                                                                                                                                                                                                                                                                                                                                                                                                                                                                                                                                                                                                                                                                                                                                                                                                                                                                                                                                                                                                                                                                                                                                                                                                                                                                                                                                                                                                                                                                                                                                                                                                                                                                                                                                                                                                                                                                                                                                                                                                                                                                                                                                                                                                                                                                                                                                                                                                                                                                                                                                                                                                                                                                                                                                                                                                                                                                                                                                                                                                                                                                                                                                                                                                                                                                                                                                                                                                                                                                                                                                                                                                                                                                                                                                                                                                                                                                                                                                                                                                                                                                                                                                                                                                                                                                                                                                                                                                                                                                                                                                                                                                                                                                                                                                                                                                                                                                                                                                                                                                                                                                                                                                                                                                                                                                                                                                                                                                                                                                                                                                                                                                                                                                                                                                                                                                                                                                                                                                                                                                                                                                                                                                                                                                                                                                                                                                                                                                                                                                                                                                                                                                                                                                                                                                                                                                                                                                                                                                                                                                                                                                                                                                                                                                                                                                                                                                                                                                                                                                                                                                                                                                                                                                                                                                                                                                                                                                                                                                                                                                                                                                                                                                                                                                                                                                                                                                                                                                                                                                                                                                                                                                                                                                                                                                                                                                                                                                                                                                                                                                                                                                                                                                                                                                                                                                                                                                                                                                                                                                                                                                                                                                                                                                                                                                                                                                                                                                                                                                                                                                                                                                                                                                                                                                                                                                                                                                                                                                                                                                                                                                                                                                                                                                                                                                                                                                                                                                                                                                                                                                                                                                                                                                                                                                                                                                                                                                                                                                                                                                                                                                                                                                                                                                                                                                                                                                                                                                                                                                                                                                                                                                                                                                                                                                                                                                                                                                                                                                                                                                                                                                                                                                                                                                                                                                                                                                                                                                                                                                                                                                                                                                                                                                                                                                                                                                                                                                                                                                                                                                                                                                                                                                                                                                                                                                                                                                                                                                                                                                                                                                                                                                                                                                                                                                                                                                                                                                                                                                                                                                                                                                                                                                                                                                                                                                                                                                                                                                                                                                                                                                                                                                                                                                                                                                                                                                                                                                                                                                                                                                                                                                                                                                                                                                                                                                                                                                                                                                                                                                                                                                                                                                                                                                                                                                                                                                                                                                                                                                                                                                                                                                                                                                                                                                                                                                                                                                                                                                                                                                                                                                                                                                                                                                                                                                                                                                                                                                                                                                                                                                                                                                                                                                                                                                                                                                                                                                                                                                                                                                                                                                                                                                                                                                                                                                                                                                                                                                                                                                                                                                                                                                                                                                                                                                                                                                                                                                                                                                                                                                                                                                                                                                                                                                                                                                                                                                                                                                                                                                                                                                                                                                                                                                                                                                                                                                                                                                                                                                                                                                                                                                                                                                                                                                                                                                                                                                                                                                                                                                                                                                                                                                                                                                                                                                                                                                                                                                                                                                                                                                                                                                                                                                                                                                                                                                                                                                                                                                                                                                                                                                                                                                                                                                                                                                                                                                                                                                                                                                                                                                                                                                                                                                                                                                                                                                                                                                                                                                                                                                                                                                                                                                                                                                                                                                                                                                                                                                                                                                                                                                                                                                                                                                                                                                                                                                                                                                                                                                                                                                                                                                                                                                                                                                                                                                                                                                                                                                                                                                                                                                                                                                                                                                                                                                                                                                                                                                                                                                                                                                                                                                                                                                                                                                                                                                                                                                                                                                                                                                                                                                                                                                                                                                                                                                                                                                                                                                                                                                                                                                                                                                                                                                                                                                                                                                                                                                                                                                                                                                                                                                                                                                                                                                                                                                                                                                                                                                                                                                                                                                                                                                                                                                                                                                                                                                                                                                                                                                                                                                                                                                                                                                                                                                                                                                                                                                                                                                                                                                                                                                                                                                                                                                                                                                                                                                                                                                                                                                                                                                                                                                                                                                                                                                                                                                                                                                                                                                                                                                                                                                                                                                                                                                                                                                                                                                                                                                                                                                                                                                                                                                                                                                                                                                                                                                                                                                                                                                                                                                                                                                                                                                                                                                                                                                                                                                                                                                                                                                                                                                                                                                                                                                                                                                                                                                                                                                                                                                                                                                                                                                                                                                                                                                                                                                                                                                                                                                                                                                                                                                                                                                                                                                                                                                                                                                                                                                                                                                                                                                                                                                                                                                                                                                                                                                                                                                                                                                                                                                                                                                                                                                                                                                                                                                                                                                                                                                                                                                                                                                                                                                                                                                                                                                                                                                                                                                                                                                                                                                                                                                                                                                                                                                                                                                                                                                                                                                                                                                                                                                                                                                                                                                                                                                                                                                                                                                                                                                                                                                                                                                                                                                                                                                                                                                                                                                                                                                                                                                                                                                                                                                                                                                                                                                                                                                                                                                                                                                                                                                                                                                                                                                                                                                                                                                                                                                                                                                                                                                                                                                                                                                                                                                                                                                                                                                                                                                                                                                                                                                                                                                                                                                                                                                                                                                                                                                                                                                                                                                                                                                                                                                                                                                                                                                                                                                                                                                                                                                                                                                                                                                                                                                                                                                                                                                                                                                                                                                                                                                                                                                                                                                                                                                                                                                                                                                                                                                                                                                                                                                                                                                                                                                                                                                                                                                                                                                                                                                                                                                                                                                                                                                                                                                                                                                                                                                                                                                                                                                                                                                                                                                                                                                                                                                                                                                                                                                                                                                                                                                                                                                                                                                                                                                                                                                                                                                                                                                                                                                                                                                                                                                                                                                                                                                                                                                                                                                                                                                                                                                                                                                                                                                                                                                                                                                                                                                                                                                                                                                                                                                                                                                                                                                                                                                                                                                                                                                                                                                                                                                                                                                                                                                                                                                                                                                                                                                                                                                                                                                                                                                                                                                                                                                                                                                                                                                                                                                                                                                                                                                                                                                                                                                                                                                                                                                                                                                                                                                                                                                                                                                                                                                                                                                                                                                                                                                                                                                                                                                                                                                                                                                                                                                                                                                                                                                                                                                                                                                                                                                                                                                                                                                                                                                                                                                                                                                                                                                                                                                                                                                                                                                                                                                                                                                                                                                                                                                                                                                                                                                                                                                                                                                                                                                                                                                                                                                                                                                                                                                                                                                                                                                                                                                                                                                                                                                                                                                                                                                                                                                                                                                                                                                                                                                                                                                                                                                                                                                                                                                                                                                                                                                                                                                                                                                                                                                                                                                                                                                                                                                                                                                                                                                                                                                                                                                                                                                                                                                                                                                                                                                                                                                                                                                                                                                                                                                                                                                                                                                                                                                                                                                                                                                                                                                                                                                                                                                                                                                                                                                                                                                                                                                                                                                                                                                                                                                                                                                                                                                                                                                                                                                                                                                                                                                                                                                                                                                                                                                                                                                                                                                                                                                                                                                                                                                                                                                                                                                                                                                                                                                                                                                                                                                                                                                                                                                                                                                                                                                                                                                                                                                                                                                                                                                                                                                                                                                                                                                                                                                                                                                                                                                                                                                                                                                                                                                                                                                                                                                                                                                                                                                                                                                                                                                                                                                                                                                                                                                                                                                                                                                                                                                                                                                                                                                                                                                                                                                                                                                                                                                                                                                                                                                                                                                                                                                                                                                                                                                                                                                                                                                                                                                                                                                                                                                                                                                                                                                                                                                                                                                                                                                                                                                                                                                                                                                                                                                                                                                                                                                                                                                                                                                                                                                                                                                                                                                                                                                                                                                                                                                                                                                                                                                                                                                                                                                                                                                                                                                                                                                                                                                                                                                                                                                                                                                                                                                                                                                                                                                                                                                                                                                                                                                                                                                                                                                                                                                                                                                                                                                                                                                                                                                                                                                                                                                                                                                                                                                                                                                                                                                                                                                                                                                                                                                                                                                                                                                                                                                                                                                                                                                                                                                                                                                                                                                                                                                                                                                                                                                                                                                                                                                                                                                                                                                                                                                                                                                                                                                                                                                                                                                                                                                                                                                                                                                                                                                                                                                                                                                                                                                                                                                                                                                                                                                                                                                                                                                                                                                                                                                                                                                                                                                                                                                                                                                                                                                                                                                                                                                                                                                                                                                                                                                                                                                                                                                                                                                                                                                                                                                                                                                                                                                                                                                                                                                                                                                                                                                                                                                                                                                                                                                                                                                                                                                                                                                                                                                                                                                                                                                                                                                                                                                                                                                                                                                                                                                                                                                                                                                                                                                                                                                                                                                                                                                                                                                                                                                                                                                                                                                                                                                                                                                                                                                                                                                                                                                                                                                                                                                                                                                                                                                                                                                                                                                                                                                                                                                                                                                                                                                                                                                                                                                                                                                                                                                                                                                                                                                                                                                                                                                                                                                                                                                                                                                                                                                                                                                                                                                                                                                                                                                                                                                                                                                                                                                                                                                                                                                                                                                                                                                                                                                                                                                                                                                                                                                                                                                                                                                                                                                                                                                                                                                                                                                                                                                                                                                                                                                                                                                                                                                                                                                                                                                                                                                                                                                                                                                                                                                                                                                                                                                                                                                                                                                                                                                                                                                                                                                                                                                                                                                                                                                                                                                                                                                                                                                                                                                                                                                                                                                                                                                                                                                                                                                                                                                                                                                                                                                                                                                                                                                                                                                                                                                                                                                                                                                                                                                                                                                                                                                                                                                                                                                                                                                                                                                                                                                                                                                                                                                                                                                                                                                                                                                                                                                                                                                                                                                                                                                                                                                                                                                                                                                                                                                                                                                                                                                                                                                                                                                                                                                                                                                                                                                                                                                                                                                                                                                                                                                                                                                                                                                                                                                                                                                                                                                                                                                                                                                                                                                                                                                                                                                                                                                                                                                                                                                                                                                                                                                                                                                                                                                                                                                                                                                                                                                                                                                                                                                                                                                                                                                                                                                                                                                                                                                                                                                                                                                                                                                                                                                                                                                                                                                                                                                                                                                                                                                                                                                                                                                                                                                                                                                                                                                                                                                                                                                                                                                                                                                                                                                                                                                                                                                                                                                                                                                                                                                                                                                                                                                                                                                                                                                                                                                                                                                                                                                                                                                                                                                                                                                                                                                                                                                                                                                                                                                                                                                                                                                                                                                                                                                                                                                                                                                                                                                                                                                                                                                                                                                                                                                                                                                                                                                                                                                                                                                                                                                                                                                                                                                                                                                                                                                                                                                                                                                                                                                                                                                                                                                                                                                                                                                                                                                                                                                                                                                                                                                                                                                                                                                                                                                                                                                                                                                                                                                                                                                                                                                                                                                                                                                                                                                                                                                                                                                                                                                                                                                                                                                                                                                                                                                                                                                                                                                                                                                                                                                                                                                                                                                                                                                                                                                                                                                                                                                                                                                                                                                                                                                                                                                                                                                                                                                                                                                                                                                                                                                                                                                                                                                                                                                                                                                                                                                                                                                                                                                                                                                                                                                                                                                                                                                                                                                                                                                                                                                                                                                                                                                                                                                                                                                                                                                                                                                                                                                                                                                                                                                                                                                                                                                                                                                                                                                                                                                                                                                                                                                                                                                                                                                                                                                                                                                                                                                                                                                                                                                                                                                                                                                                                                                                                                                                                                                                                                                                                                                                                                                                                                                                                                                                                                                                                                                                                                                                                                                                                                                                                                                                                                                                                                                                                                                                                                                                                                                                                                                                                                                                                                                                                                                                                                                                                                                                                                                                                                                                                                                                                                                                                                                                                                                                                                                                                                                                                                                                                                                                                                                                                                                                                                                                                                                                                                                                                                                                                                                                                                                                                                                                                                                                                                                                                                                                                                                                                                                                                                                                                                                                                                                                                                                                                                                                                                                                                                                                                                                                                                                                                                                                                                                                                                                                                                                                                                                                                                                                                                                                                                                                                                                                                                                                                                                                                                                                                                                                                                                                                                                                                                                                                                                                                                                                                                                                                                                                                                                                                                                                                                                                                                                                                                                                                                                                                                                                                                                                                                                                                                                                                                                                                                                                                                                                                                                                                                                                                                                                                                                                                                                                                                                                                                                                                                                                                                                                                                                                                                                                                                                                                                                                                                                                                                                                                                                                                                                                                                                                                                                                                                                                                                                                                                                                                                                                                                                                                                                                                                                                                                                                                                                                                                                                                                                                                                                                                                                                                                                                                                                                                                                                                                                                                                                                                                                                                                                                                                                                                                                                                                                                                                                                                                                                                                                                                                                                                                                                                                                                                                                                                                                                                                                                                                                                                                                                                                                                                                                                                                                                                                                                                                                                                                                                                                                                                                                                                                                                                                                                                                                                                                                                                                                                                                                                                                                                                                                                                                                                                                                                                                                                                                                                                                                                                                                                                                                                                                                                                                                                                                                                                                                                                                                                                                                                                                                                                                                                                                                                                                                                                                                                                                                                                                                                                                                                                                                                                                                                                                                                                                                                                                                                                                                                                                                                                                                                                                                                                                                                                                                                                                                                                                                                                                                                                                                                                                                                                                                                                                                                                                                                                                                                                                                                                                                                                                                                                                                                                                                                                                                                                                                                                                                                                                                                                                                                                                                                                                                                                                                                                                                                                                                                                                                                                                                                                                                                                                                                                                                                                                                                                                                                                                                                                                                                                                                                                                                                                                                                                                                                                                                                                                                                                                                                                                                                                                                                                                                                                                                                                                                                                                                                                                                                                                                                                                                                                                                                                                                                                                                                                                                                                                                                                                                                                                                                                                                                                                                                                                                                                                                                                                                                                                                                                                                                                                                                                                                                                                                                                                                                                                                                                                                                                                                                                                                                                                                                                                                                                                                                                                                                                                                                                                                                                                                                                                                                                                                                                                                                                                                                                                                                                                                                                                                                                                                                                                                                                                                                                                                                                                                                                                                                                                                                                                                                                                                                                                                                                                                                                                                                                                                                                                                                                                                                                                                                                                                                                                                                                                                                                                                                                                                                                                                                                                                                                                                                                                                                                                                                                                                                                                                                                                                                                                                                                                                                                                                                                                                                                                                                                                                                                                                                                                                                                                                                                                                                                                                                                                                                                                                                                                                                                                                                                                                                                                                                                                                                                                                                                                                                                                                                                                                                                                                                                                                                                                                                                                                                                                                                                                                                                                                                                                                                                                                                                                                                                                                                                                                                                                                                                                                                                                                                                                                                                                                                                                                                                                                                                                                                                                                                                                                                                                                                                                                                                                                                                                                                                                                                                                                                                                                                                                                                                                                                                                                                                                                                                                                                                                                                                                                                                                                                                                                                                                                                                                                                                                                                                                                                                                                                                                                                                                                                                                                                                                                                                                                                                                                                                                                                                                                                                                                                                                                                                                                                                                                                                                                                                                                                                                                                                                                                                                                                                                                                                                                                                                                                                                                                                                                                                                                                                                                                                                                                                                                                                                                                                                                                                                                                                                                                                                                                                                                                                                                                                                                                                                                                                                                                                                                                                                                                                                                                                                                                                                                                                                                                                                                                                                                                                                                                                                                                                                                                                                                                                                                                                                                                                                                                                                                                                                                                                                                                                                                                                                                                                                                                                                                                                                                                                                                                                                                                                                                                                                                                                                                                                                                                                                                                                                                                                                                                                                                                                                                                                                                                                                                                                                                                                                                                                                                                                                                                                                                                                                                                                                                                                                                                                                                                                                                                                                                                                                                                                                                                                                                                                                                                                                                                                                                                                                                                                                                                                                                                                                                                                                                                                                                                                                                                                                                                                                                                                                                                                                                                                                                                                                                                                                                                                                                                                                                                                                                                                                                                                                                                                                                                                                                                                                                                                                                                                                                                                                                                                                                                                                                                                                                                                                                                                                                                                                                                                                                                                                                                                                                                                                                                                                                                                                                                                                                                                                                                                                                                                                                                                                                                                                                                                                                                                                                                                                                                                                                                                                                                                                                                                                                                                                                                                                                                                                                                                                                                                                                                                                                                                                                                                                                                                                                                                                                                                                                                                                                                                                                                                                                                                                                                                                                                                                                                                                                                                                                                                                                                                                                                                                                                                                                                                                                                                                                                                                                                                                                                                                                                                                                                                                                                                                                                                                                                                                                                                                                                                                                                                                                                                                                                                                                                                                                                                                                                                                                                                                                                                                                                                                                                                                                                                                                                                                                                                                                                                                                                                                                                                                                                                                                                                                                                                                                                                                                                                                                                                                                                                                                                                                                                                                                                                                                                                                                                                                                                                                                                                                                                                                                                                                                                                                                                                                                                                                                                                                                                                                                                                                                                                                                                                                                                                                                                                                                                                                                                                                                                                                                                                                                                                                                                                                                                                                                                                                                                                                                                                                                                                                                                                                                                                                                                                                                                                                                                                                                                                                                                                                                                                                                                                                                                                                                                                                                                                                                                                                                                                                                                                                                                                                                                                                                                                                                                                                                                                                                                                                                                                                                                                                                                                                                                                                                                                                                                                                                                                                                                                                                                                                                                                                                                                                                                                                                                                                                                                                                                                                                                                                                                                                                                                                                                                                                                                                                                                                                                                                                                                                                                                                                                                                                                                                                                                                                                                                                                                                                                                                                                                                                                                                                                                                                                                                                                                                                                                                                                                                                                                                                                                                                                                                                                                                                                                                                                                                                                                                                                                                                                                                                                                                                                                                                                                                                                                                                                                                                                                                                                                                                                                                                                                                                                                                                                                                                                                                                                                                                                                                                                                                                                                                                                                                                                                                                                                                                                                                                                                                                                                                                                                                                                                                                                                                                                                                                                                                                                                                                                                                                                                                                                                                                                                                                                                                                                                                                                                                                                                                                                                                                                                                                                                                                                                                                                                                                                                                                                                                                                                                                                                                                                                                                                                                                                                                                                                                                                                                                                                                                                                                                                                                                                                                                                                                                                                                                                                                                                                                                                                                                                                                                                                                                                                                                                                                                                                                                                                                                                                                                                                                                                                                                                                                                                                                                                                                                                                                                                                                                                                                                                                                                                                                                                                                                                                                                                                                                                                                                                                                                                                                                                                                                                                                                                                                                                                                                                                                                                                                                                                                                                                                                                                                                                                                                                                                                                                                                                                                                                                                                                                                                                                                                                                                                                                                                                                                                                                                                                                                                                                                                                                                                                                                                                                                                                                                                                                                                                                                                                                                                                                                                                                                                                                                                                                                                                                                                                                                                                                                                                                                                                                                                                                                                                                                                                                                                                                                                                                                                                                                                                                                                                                                                                                                                                                                                                                                                                                                                                                                                                                                                                                                                                                                                                                                                                                                                                                                                                                                                                                                                                                                                                                                                                                                                                                                                                                                                                                                                                                                                                                                                                                                                                                                                                                                                                                                                                                                                                                                                                                                                                                                                                                                                                                                                                                                                                                                                                                                                                                                                                                                                                                                                                                                                                                                                                                                                                                                                                                                                                                                                                                                                                                                                                                                                                                                                                                                                                                                                                                                                                                                                                                                                                                                                                                                                                                                                                                                                                                                                                                                                                                                                                                                                                                                                                                                                                                                                                                                                                                                                                                                                                                                                                                                                                                                                                                                                                                                                                                                                                                                                                                                                                                                                                                                                                                                                                                                                                                                                                                                                                                                                                                                                                                                                                                                                                                                                                                                                                                                                                                                                                                                                                                                                                                                                                                                                                                                                                                                                                                                                                                                                                                                                                                                                                                                                                                                                                                                                                                                                                                                                                                                                                                                                                                                                                                                                                                                                                                                                                                                                                                                                                                                                                                                                                                                                                                                                                                                                                                                                                                                                                                                                                                                                                                                                                                                                                                                                                                                                                                                                                                                                                                                                                                                                                                                                                                                                                                                                                                                                                                                                                                                                                                                                                                                                                                                                                                                                                                                                                                                                                                                                                                                                                                                                                                                                                                                                                                                                                                                                                                                                                                                                                                                                                                                                                                                                                                                                                                                                                                                                                                                                                                                                                                                                                                                                                                                                                                                                                                                                                                                                                                                                                                                                                                                                                                                                                                                                                                                                                                                                                                                                                                                                                                                                                                                                                                                                                                                                                                                                                                                                                                                                                                                                                                                                                                                                                                                                                                                                                                                                                                                                                                                                                                                                                                                                                                                                                                                                                                                                                                                                                                                                                                                                                                                                                                                                                                                                                                                                                                                                                                                                                                                                                                                                                                                                                                                                                                                                                                                                                                                                                                                                                                                                                                                                                                                                                                                                                                                                                                                                                                                                                                                                                                                                                                                                                                                                                                                                                                                                                                                                                                                                                                                                                                                                                                                                                                                                                                                                                                                                                                                                                                                                                                                                                                                                                                                                                                                                                                                                                                                                                                                                                                                                                                                                                                                                                                                                                                                                                                                                                                                                                                                                                                                                                                                                                                                                                                                                                                                                                                                                                                                                                                                                                                                                                                                                                                                                                                                                                                                                                                                                                                                                                                                                                                                                                                                                                                                                                                                                                                                                                                                                                                                                                                                                                                                                                                                                                                                                                                                                                                                                                                                                                                                                                                                                                                                                                                                                                                                                                                                                                                                                                                                                                                                                                                                                                                                                                                                                                                                                                                                                                                                                                                                                                                                                                                                                                                                                                                                                                                                                                                                                                                                                                                                                                                                                                                                                                                                                                                                                                                                                                                                                                                                                                                                                                                                                                                                                                                                                                                                                                                                                                                                                                                                                                                                                                                                                                                                                                                                                                                                                                                                                                                                                                                                                                                                                                                                                                                                                                                                                                                                                                                                                                                                                                                                                                                                                                                                                                                                                                                                                                                                                                                                                                                                                                                                                                                                                                                                                                                                                                                                                                                                                                                                                                                                                                                                                                                                                                                                                                                                                                                                                                                                                                                                                                                                                                                                                                                                                                                                                                                                                                                                                                                                                                                                                                                                                                                                                                                                                                                                                                                                                                                                                                                                                                                                                                                                                                                                                                                                                                                                                                                                                                                                                                                                                                                                                                                                                                                                                                                                                                                                                                                                                                                                                                                                                                                                                                                                                                                                                                                                                                                                                                                                                                                                                                                                                                                                                                                                                                                                                                                                                                                                                                                                                                                                                                                                                                                                                                                                                                                                                                                                                                                                                                                                                                                                                                                                                                                                                                                                                                                                                                                                                                                                                                                                                                                                                                                                                                                                                                                                                                                                                                                                                                                                                                                                                                                                                                                                                                                                                                                                                                                                                                                                                                                                                                                                                                                                                                                                                                                                                                                                                                                                                                                                                                                                                                                                                                                                                                                                                                                                                                                                                                                                                                                                                                                                                                                                                                                                                                                                                                                                                                                                                                                                                                                                                                                                                                                                                                                                                                                                                                                                                                                                                                                                                                                                                                                                                                                                                                                                                                                                                                                                                                                                                                                                                                                                                                                                                                                                                                                                                                                                                                                                                                                                                                                                                                                                                                                                                                                                                                                                                                                                                                                                                                                                                                                                                                                                                                                                                                                                                                                                                                                                                                                                                                                                                                                                                                                                                                                                                                                                                                                                                                                                                                                                                                                                                                                                                                                                                                                                                                                                                                                                                                                                                                                                                                                                                                                                                                                                                                                                                                                                                                                                                                                                                                                                                                                                                                                                                                                                                                                                                                                                                                                                                                                                                                                                                                                                                                                                                                                                                                                                                                                                                                                                                                                                                                                                                                                                                                                                                                                                                                                                                                                                                                                                                                                                                                                                                                                                                                                                                                                                                                                                                                                                                                                                                                                                                                                                                                                                                                                                                                                                                                                                                                                                                                                                                                                                                                                                                                                                                                                                                                                                                                                                                                                                                                                                                                                                                                                                                                                                                                                                                                                                                                                                                                                                                                                                                                                                                                                                                                                                                                                                                                                                                                                                                                                                                                                                                                                                                                                                                                                                                                                                                                                                                                                                                                                                                                                                                                                                                                                                                                                                                                                                                                                                                                                                                                                                                                                                                                                                                                                                                                                                                                                                                                                                                                                                                                                                                                                                                                                                                                                                                                                                                                                                                                                                                                                                                                                                                                                                                                                                                                                                                                                                                                                                                                                                                                                                                                                                                                                                                                                                                                                                                                                                                                                                                                                                                                                                                                                                                                                                                                                                                                                                                                                                                                                                                                                                                                                                                                                                                                                                                                                                                                                                                                                                                                                                                                                                                                                                                                                                                                                                                                                                                                                                                                                                                                                                                                                                                                                                                                                                                                                                                                                                                                                                                                                                                                                                                                                                                                                                                                                                                                                                                                                                                                                                                                                                                                                                                                                                                                                                                                                                                                                                                                                                                                                                                                                                                                                                                                                                                                                                                                                                                                                                                                                                                                                                                                                                                                                                                                                                                                                                                                                                                                                                                                                                                                                                                                                                                                                                                                                                                                                                                                                                                                                                                                                                                                                                                                                                                                                                                                                                                                                                                                                                                                                                                                                                                                                                                                                                                                                                                                                                                                                                                                                                                                                                                                                                                                                                                                                                                                                                                                                                                                                                                                                                                                                                                                                                                                                                                                                                                                                                                                                                                                                                                                                                                                                                                                                                                                                                                                                                                                                                                                                                                                                                                                                                                                                                                                                                                                                                                                                                                                                                                                                                                                                                                                                                                                                                                                                                                                                                                                                                                                                                                                                                                                                                                                                                                                                                                                                                                                                                                                                                                                                                                                                                                                                                                                                                                                                                                                                                                                                                                                                                                                                                                                                                                                                                                                                                                                                                                                                                                                                                                                                                                                                                                                                                                                                                                                                                                                                                                                                                                                                                                                                                                                                                                                                                                                                                                                                                                                                                                                                                                                                                                                                                                                                                                                                                                                                                                                                                                                                                                                                                                                                                                                                                                                                                                                                                                                                                                                                                                                                                                                                                                                                                                                                                                                                                                                                                                                                                                                                                                                                                                                                                                                                                                                                                                                                                                                                                                                                                                                                                                                                                                                                                                                                                                                                                                                                                                                                                                                                                                                                                                                                                                                                                                                                                                                                                                                                                                                                                                                                                                                                                                                                                                                                                                                                                                                                                                                                                                                                                                                                                                                                                                                                                                                                                                                                                                                                                                                                                                                                                                                                                                                                                                                                                                                                                                                                                                                                                                                                                                                                                                                                                                                                                                                                                                                                                                                                                                                                                                                                                                                                                                                                                                                                                                                                                                                                                                                                                                                                                                                                                                                                                                                                                                                                                                                                                                                                                                                                                                                                                                                                                                                                                                                                                                                                                                                                                                                                                                                                                                                                                                                                                                                                                                                                                                                                                                                                                                                                                                                                                                                                                                                                                                                                                                                                                                                                                                                                                                                                                                                                                                                                                                                                                                                                                                                                                                                                                                                                                                                                                                                                                                                                                                                                                                                                                                                                                                                                                                                                                                                                                                                                                                                                                                                                                                                                                                                                                                                                                                                                                                                                                                                                                                                                                                                                                                                                                                                                                                                                                                                                                                                                                                                                                                                                                                                                                                                                                                                                                                                                                                                                                                                                                                                                                                                                                                                                                                                                                                                                                                                                                                                                                                                                                                                                                                                                                                                                                                                                                                                                                                                                                                                                                                                                                                                                                                                                                                                                                                                                                                                                                                                                                                                                                                                                                                                                                                                                                                                                                                                                                                                                                                                                                                                                                                                                                                                                                                                                                                                                                                                                                                                                                                                                                                                                                                                                                                                                                                                                                                                                                                                                                                                                                                                                                                                                                                                                                                                                                                                                                                                                                                                                                                                                                                                                                                                                                                                                                                                                                                                                                                                                                                                                                                                                                                                                                                                                                                                                                                                                                                                                                                                                                                                                                                                                                                                                                                                                                                                                                                                                                                                                                                                                                                                                                                                                                                                                                                                                                                                                                                                                                                                                                                                                                                                                                                                                                                                                                                                                                                                                                                                                                                                                                                                                                                                                                                                                                                                                                                                                                                                                                                                                                                                                                                                                                                                                                                                                                                                                                                                                                                                                                                                                                                                                                                                                                                                                                                                                                                                                                                                                                                                                                                                                                                                                                                                                                                                                                                                                                                                                                                                                                                                                                                                                                                                                                                                                                                                                                                                                                                                                                                                                                                                                                                                                                                                                                                                                                                                                                                                                                                                                                                                                                                                                                                                                                                                                                                                                                                                                                                                                                                                                                                                                                                                                                                                                                                                                                                                                                                                                                                                                                                                                                                                                                                                                                                                                                                                                                                                                                                                                                                                                                                                                                                                                                                                                                                                                                                                                                                                                                                                                                                                                                                                                                                                                                                                                                                                                                                                                                                                                                                                                                                                                                                                                                                                                                                                                                                                                                                                                                                                                                                                                                                                                                                                                                                                                                                                                                                                                                                                                                                                                                                                                                                                                                                                                                                                                                                                                                                                                                                                                                                                                                                                                                                                                                                                                                                                                                                                                                                                                                                                                                                                                                                                                                                                                                                                                                                                                                                                                                                                                                                                                                                                                                                                                                                                                                                                                                                                                                                                                                                                                                                                                                                                                                                                                                                                                                                                                                                                                                                                                                                                                                                                                                                                                                                                                                                                                                                                                                                                                                                                                                                                                                                                                                                                                                                                                                                                                                                                                                                                                                                                                                                                                                                                                                                                                                                                                                                                                                                                                                                                                                                                                                                                                                                                                                                                                                                                                                                                                                                                                                                                                                                                                                                                                                                                                                                                                                                                                                                                                                                                                                                                                                                                                                                                                                                                                                                                                                                                                                                                                                                                                                                                                                                                                                                                                                                                                                                                                                                                                                                                                                                                                                                                                                                                                                                                                                                                                                                                                                                                                                                                                                                                                                                                                                                                                                                                                                                                                                                                                                                                                                                                                                                                                                                                                                                                                                                                                                                                                                                                                                                                                                                                                                                                                                                                                                                                                                                                                                                                                                                                                                                                                                                                                                                                                                                                                                                                                                                                                                                                                                                                                                                                                                                                                                                                                                                                                                                                                                                                                                                                                                                                                                                                                                                                                                                                                                                                                                                                                                                                                                                                                                                                                                                                                                                                                                                                                                                                                                                                                                                                                                                                                                                                                                                                                                                                                                                                                                                                                                                                                                                                                                                                                                                                                                                                                                                                                                                                                                                                                                                                                                                                                                                                                                                                                                                                                                                                                                                                                                                                                                                                                                                                                                                                                                                                                                                                                                                                                                                                                                                                                                                                                                                                                                                                                                                                                                                                                                                                                                                                                                                                                                                                                                                                                                                                                                                                                                                                                                                                                                                                                                                                                                                                                                                                                                                                                                                                                                                                                                                                                                                                                                                                                                                                                                                                                                                                                                                                                                                                                                                                                                                                                                                                                                                                                                                                                                                                                                                                                                                                                                                                                                                                                                                                                                                                                                                                                                                                                                                                                                                                                                                                                                                                                                                                                                                                                                                                                                                                                                                                                                                                                                                                                                                                                                                                                                                                                                                                                                                                                                                                                                                                                                                                                                                                                                                                                                                                                                                                                                                                                                                                                                                                                                                                                                                                                                                                                                                                                                                                                                                                                                                                                                                                                                                                                                                                                                                                                                                                                                                                                                                                                                                                                                                                                                                                                                                                                                                                                                                                                                                                                                                                                                                                                                                                                                                                                                                                                                                                                                                                                                                                                                                                                                                                                                                                                                                                                                                                                                                                                                                                                                                                                                                                                                                                                                                                                                                                                                                                                                                                                                                                                                                                                                                                                                                                                                                                                                                                                                                                                                                                                                                                                                                                                                                                                                                                                                                                                                                                                                                                                                                                                                                                                                                                                                                                                                                                                                                                                                                                                                                                                                                                                                                                                                                                                                                                                                                                                                                                                                                                                                                                                                                                                                                                                                                                                                                                                                                                                                                                                                                                                                                                                                                                                                                                                                                                                                                                                                                                                                                                                                                                                                                                                                                                                                                                                                                                                                                                                                                                                                                                                                                                                                                                                                                                                                                                                                                                                                                                                                                                                                                                                                                                                                                                                                                                                                                                                                                                                                                                                                                                                                                                                                                                                                                                                                                                                                                                                                                                                                                                                                                                                                                                                                                                                                                                                                                                                                                                                                                                                                                                                                                                                                                                                                                                                                                                                                                                                                                                                                                                                                                                                                                                                                                                                                                                                                                                                                                                                                                                                                                                                                                                                                                                                                                                                                                                                                                                                                                                                                                                                                                                                                                                                                                                                                                                                                                                                                                                                                                                                                                                                                                                                                                                                                                                                                                                                                                                                                                                                                                                                                                                                                                                                                                                                                                                                                                                                                                                                                                                                                                                                                                                                                                                                                                                                                                                                                                                                                                                                                                                                                                                                                                                                                                                                                                                                                                                                                                                                                                                                                                                                                                                                                                                                                                                                                                                                                                                                                                                                                                                                                                                                                                                                                                                                                                                                                                                                                                                                                                                                                                                                                                                                                                                                                                                                                                                                                                                                                                                                                                                                                                                                                                                                                                                                                                                                                                                                                                                                                                                                                                                                                                                                                                                                                                                                                                                                                                                                                                                                                                                                                                                                                                                                                                                                                                                                                                                                                                                                                                                                                                                                                                                                                                                                                                                                                                                                                                                                                                                                                                                                                                                                                                                                                                                                                                                                                                                                                                                                                                                                                                                                                                                                                                                                                                                                                                                                                                                                                                                                                                                                                                                                                                                                                                                                                                                                                                                                                                                                                                                                                                                                                                                                                                                                                                                                                                                                                                                                                                                                                                                                                                                                                                                                                                                                                                                                                                                                                                                                                                                                                                                                                                                                                                                                                                                                                                                                                                                                                                                                                                                                                                                                                                                                                                                                                                                                                                                                                                                                                                                                                                                                                                                                                                                                                                                                                                                                                                                                                                                                                                                                                                                                                                                                                                                                                                                                                                                                                                                                                                                                                                                                                                                                                                                                                                                                                                                                                                                                                                                                                                                                                                                                                                                                                                                                                                                                                                                                                                                                                                                                                                                                                                                                                                                                                                                                                                                                                                                                                                                                                                                                                                                                                                                                                                                                                                                                                                                                                                                                                                                                                                                                                                                                                                                                                                                                                                                                                                                                                                                                                                                                                                                                                                                                                                                                                                                                                                     [ 0.00000000e+00  0.00000000e+00  0.00000000e+00  0.00000000e+00
  0.00000000e+00  0.00000000e+00  0.00000000e+00  0.00000000e+00
  0.00000000e+00  0.00000000e+00  0.00000000e+00  0.00000000e+00
  0.00000000e+00  1.26531258e-01 -5.06273620e-02 -1.12882130e-01
  1.14374375e+00 -6.92882776e-01 -4.70999986e-01 -1.01196992e+00
  1.33444774e+00  1.33444774e+00  1.46681595e+00  1.46681595e+00
  1.58498263e+00  1.58498263e+00  1.58407652e+00  1.58407652e+00
  1.99504234e-02  8.66321698e-02  1.38611481e-01  2.07917213e-01
 -2.11961702e-01 -9.90279764e-02  9.66962814e-01  1.22880983e+00
  6.45357519e-02 -4.70764726e-01 -3.84231001e-01  1.58174023e-01
  1.58174023e-01  1.35785908e-01  1.35785908e-01  3.49693179e-01
  3.49693179e-01  2.00789586e-01  2.00789586e-01  3.74748617e-01
  1.27310806e-17  5.00765961e-18  8.60773516e-20]
